[
	{
		"name": "Coast",
		"color": "#B200FF",
		"chest_unopened_img": "images/sections/bombwall.png",
		"chest_opened_img": "images/sections/opencave.png",
		"children": 
		[
			{
				"name": "O1 - First Quest Letter",
				"short_name": "O1",
				"map_locations": 
				[
					{
						"map": "first",
						"x": 1884,
						"y": 84
					},
					
					{
						"map": "second",
						"x": 1884,
						"y": 84
					},
					
					{
						"map": "firstmirror",
						"x": 260,
						"y": 84
					},
					
					{
						"map": "secondmirror",
						"x": 260,
						"y": 84
					}
				],
				"sections":
				[
					{
						"name": "Open Cave",
						"capture_item": true,
						"item_count": 1,
						"chest_unopened_img": "images/sections/opencave.png"
					}
				]
			},
			
			{
				"name": "P1 - Corner Secret",
				"short_name": "P1",
				"map_locations": 
				[
					{
						"map": "first",
						"x": 2036,
						"y": 84
					},
					
					{
						"map": "second",
						"x": 2036,
						"y": 84
					},
					
					{
						"map": "firstmirror",
						"x": 108,
						"y": 84
					},
					
					{
						"map": "secondmirror",
						"x": 108,
						"y": 84
					}
				],
				"sections":
				[
					{
						"name": "Walk Through P2 Wall",
						"capture_item": true,
						"item_count": 1,
						"chest_unopened_img": "images/sections/opencave.png",
					}
				]
			},
			
			{
				"name": "O2 - Bomb Wall",
				"short_name": "O2",
				"access_rules": [ "[sword],bomb" ],
				"map_locations": 
				[
					{
						"map": "first",
						"x": 1940,
						"y": 148
					},
					
					{
						"map": "second",
						"x": 1940,
						"y": 148
					},
					
					{
						"map": "firstmirror",
						"x": 204,
						"y": 148
					},
					
					{
						"map": "secondmirror",
						"x": 204,
						"y": 148
					}
				],
				"sections":
				[
					{
						"name": "Bomb Wall",
						"capture_item": true,
						"item_count": 1
					}
				]
			},
			
			{
				"name": "P2 - Coast Gambling",
				"short_name": "P2",
				"map_locations": 
				[
					{
						"map": "first",
						"x": 2020,
						"y": 172
					},
					
					{
						"map": "second",
						"x": 2020,
						"y": 172
					},
					
					{
						"map": "firstmirror",
						"x": 124,
						"y": 172
					},
					
					{
						"map": "secondmirror",
						"x": 124,
						"y": 172
					}
				],
				"sections":
				[
					{
						"name": "Open Cave",
						"capture_item": true,
						"item_count": 1,
						"chest_unopened_img": "images/sections/opencave.png"
					}
				]
			},
			
			{
				"name": "N3 - Bomb Wall",
				"short_name": "N3",
				"access_rules": [ "[sword],bomb" ],
				"map_locations": 
				[
					{
						"map": "first",
						"x": 1756,
						"y": 236
					},
					
					{
						"map": "second",
						"x": 1756,
						"y": 236
					},
					
					{
						"map": "firstmirror",
						"x": 388,
						"y": 236
					},
					
					{
						"map": "secondmirror",
						"x": 388,
						"y": 236
					}
				],
				"sections":
				[
					{
						"name": "Bomb Wall",
						"capture_item": true,
						"item_count": 1
					}
				]
			},
			
			{
				"name": "P3 - Raft Spot",
				"short_name": "P3",
				"access_rules": [ "[sword],raft" ],
				"map_locations": 
				[
					{
						"map": "first",
						"x": 2020,
						"y": 268
					},
					
					{
						"map": "second",
						"x": 2020,
						"y": 268
					},
					
					{
						"map": "firstmirror",
						"x": 124,
						"y": 268
					},
					
					{
						"map": "secondmirror",
						"x": 124,
						"y": 268
					}
				],
				"sections":
				[
					{
						"name": "Raft from P4",
						"capture_item": true,
						"item_count": 1,
						"chest_unopened_img": "images/sections/raftwater.png"
					}
				]
			},
			
			{
				"name": "P6 - Overworld Item",
				"short_name": "P6",
				"map_locations": 
				[
					{
						"map": "first",
						"x": 2068,
						"y": 532
					},
					
					{
						"map": "second",
						"x": 2068,
						"y": 532
					},
					
					{
						"map": "firstmirror",
						"x": 76,
						"y": 532
					},
					
					{
						"map": "secondmirror",
						"x": 76,
						"y": 532
					}
				],
				"sections":
				[
					{
						"name": "Use Ladder",
						"capture_item": true,
						"item_count": 1,
						"access_rules": [ "[sword],ladder", "{}" ],
						"chest_unopened_img": "images/sections/ladderwater.png",
						"chest_opened_img": "images/sections/bridge.png"
					}
				]
			},
			
			{
				"name": "P7 - Coast Shop",
				"short_name": "P7",
				"map_locations": 
				[
					{
						"map": "first",
						"x": 1996,
						"y": 588
					},
					
					{
						"map": "second",
						"x": 1996,
						"y": 588
					},
					
					{
						"map": "firstmirror",
						"x": 148,
						"y": 588
					},
					
					{
						"map": "secondmirror",
						"x": 148,
						"y": 588
					}
				],
				"sections":
				[
					{
						"name": "Open Cave",
						"capture_item": true,
						"item_count": 1,
						"chest_unopened_img": "images/sections/opencave.png"
					}
				]
			},
			
			{
				"name": "L8 - Bomb Wall",
				"short_name": "L8",
				"access_rules": [ "[sword],bomb" ],
				"map_locations": 
				[
					{
						"map": "first",
						"x": 1532,
						"y": 676
					},
					
					{
						"map": "second",
						"x": 1532,
						"y": 676,
						"visibility_rules": [ "mixedquest" ]
					},
					
					{
						"map": "firstmirror",
						"x": 612,
						"y": 676
					},
					
					{
						"map": "secondmirror",
						"x": 612,
						"y": 676,
						"visibility_rules": [ "mixedquest" ]
					}
				],
				"sections":
				[
					{
						"name": "Bomb Wall",
						"capture_item": true,
						"item_count": 1
					}
				]
			},
			
			{
				"name": "M8 - Bomb Wall",
				"short_name": "M8",
				"access_rules": [ "[sword],bomb" ],
				"map_locations": 
				[
					{
						"map": "first",
						"x": 1636,
						"y": 676
					},
					
					{
						"map": "second",
						"x": 1636,
						"y": 676
					},
					
					{
						"map": "firstmirror",
						"x": 508,
						"y": 676
					},
					
					{
						"map": "secondmirror",
						"x": 508,
						"y": 676
					}
				],
				"sections":
				[
					{
						"name": "Bomb Wall",
						"capture_item": true,
						"item_count": 1
					}
				]
			},
			
			{
				"name": "N8 - Bomb Wall",
				"short_name": "N8",
				"access_rules": [ "[sword],bomb" ],
				"map_locations": 
				[
					{
						"map": "first",
						"x": 1764,
						"y": 676
					},
					
					{
						"map": "second",
						"x": 1764,
						"y": 676
					},
					
					{
						"map": "firstmirror",
						"x": 380,
						"y": 676
					},
					
					{
						"map": "secondmirror",
						"x": 380,
						"y": 676
					}
				],
				"sections":
				[
					{
						"name": "Bomb Wall",
						"capture_item": true,
						"item_count": 1
					}
				]
			},
		]
	}
]