[
	{
		"name": "Dead Woods",
		"color": "#FF6A00",
		"chest_unopened_img": "images/sections/burnbush.png",
		"chest_opened_img": "images/sections/stairs.png",
		"children": 
		[
			{
				"name": "B6 - Burn Bush",
				"short_name": "B6",
				"access_rules": [ "candle" ],
				"map_locations": 
				[
					{
						"map": "first",
						"x": 252,
						"y": 540
					},
					
					{
						"map": "second",
						"x": 252,
						"y": 540
					},
					
					{
						"map": "firstmirror",
						"x": 1892,
						"y": 540
					},
					
					{
						"map": "secondmirror",
						"x": 1892,
						"y": 540
					}
				],
				"sections":
				[
					{
						"name": "Burn Bush",
						"capture_item": true,
						"item_count": 1
					}
				]
			},
			
			{
				"name": "D6 - Burn Bush",
				"short_name": "D6",
				"access_rules": [ "candle" ],
				"map_locations": 
				[
					{
						"map": "first",
						"x": 484,
						"y": 540,
						"visibility_rules": [ "mixedquest" ]
					},
					
					{
						"map": "second",
						"x": 484,
						"y": 540
					},
					
					{
						"map": "firstmirror",
						"x": 1660,
						"y": 540,
						"visibility_rules": [ "mixedquest" ]
					},
					
					{
						"map": "secondmirror",
						"x": 1660,
						"y": 540
					}
				],
				"sections":
				[
					{
						"name": "Burn Bush",
						"capture_item": true,
						"item_count": 1
					}
				]
			},
			
			{
				"name": "C7 - Burn Bush",
				"short_name": "C7",
				"access_rules": [ "candle" ],
				"map_locations": 
				[
					{
						"map": "first",
						"x": 372,
						"y": 596
					},
					
					{
						"map": "second",
						"x": 372,
						"y": 596,
						"visibility_rules": [ "mixedquest" ]
					},
					
					{
						"map": "firstmirror",
						"x": 1772,
						"y": 596
					},
					
					{
						"map": "secondmirror",
						"x": 1772,
						"y": 596,
						"visibility_rules": [ "mixedquest" ]
					}
				],
				"sections":
				[
					{
						"name": "Burn Bush",
						"capture_item": true,
						"item_count": 1
					}
				]
			},
			
			{
				"name": "D7 - Burn Bush",
				"short_name": "D7",
				"access_rules": [ "candle" ],
				"map_locations": 
				[
					{
						"map": "first",
						"x": 484,
						"y": 628
					},
					
					{
						"map": "second",
						"x": 484,
						"y": 628
					},
					
					{
						"map": "firstmirror",
						"x": 1660,
						"y": 628
					},
					
					{
						"map": "secondmirror",
						"x": 1660,
						"y": 628
					}
				],
				"sections":
				[
					{
						"name": "Burn Bush",
						"capture_item": true,
						"item_count": 1
					}
				]
			},
			
			{
				"name": "A8 - Vanilla Hint Shop",
				"short_name": "A8",
				"map_locations": 
				[
					{
						"map": "first",
						"x": 140,
						"y": 676
					},
					
					{
						"map": "second",
						"x": 140,
						"y": 676
					},
					
					{
						"map": "firstmirror",
						"x": 2004,
						"y": 676
					},
					
					{
						"map": "secondmirror",
						"x": 2004,
						"y": 676
					}
				],
				"sections":
				[
					{
						"name": "Open Cave",
						"capture_item": true,
						"item_count": 1,
						"chest_unopened_img": "images/sections/opencave.png",
					}
				]
			},
			
			{
				"name": "B8 - Bomb Wall",
				"short_name": "B8",
				"access_rules": [ "bomb" ],
				"map_locations": 
				[
					{
						"map": "first",
						"x": 220,
						"y": 676
					},
					
					{
						"map": "second",
						"x": 220,
						"y": 676,
						"visibility_rules": [ "mixedquest" ]
					},
					
					{
						"map": "firstmirror",
						"x": 1924,
						"y": 676
					},
					
					{
						"map": "secondmirror",
						"x": 1924,
						"y": 676,
						"visibility_rules": [ "mixedquest" ]
					}
				],
				"sections":
				[
					{
						"name": "Bomb Wall",
						"capture_item": true,
						"item_count": 1,
						"chest_unopened_img": "images/sections/bombwall.png",
						"chest_opened_img": "images/sections/opencave.png"
					}
				]
			},
			
			{
				"name": "C8 - Recorder Spot",
				"short_name": "C8",
				"access_rules": [ "recorder" ],
				"map_locations": 
				[
					{
						"map": "first",
						"x": 356,
						"y": 708,
						"visibility_rules": [ "mixedquest" ]
					},
					
					{
						"map": "second",
						"x": 356,
						"y": 708
					},
					
					{
						"map": "firstmirror",
						"x": 1788,
						"y": 708,
						"visibility_rules": [ "mixedquest" ]
					},
					
					{
						"map": "secondmirror",
						"x": 1788,
						"y": 708
					}
				],
				"sections":
				[
					{
						"name": "Use Recorder",
						"capture_item": true,
						"item_count": 1,
						"chest_unopened_img": "images/sections/recorderwater.png",
						"chest_opened_img": "images/sections/stairs.png"
					}
				]
			},
			
			{
				"name": "E7 - Dead Woods Shop",
				"short_name": "E7",
				"map_locations": 
				[
					{
						"map": "first",
						"x": 620,
						"y": 584
					},
					
					{
						"map": "second",
						"x": 620,
						"y": 584
					},
					
					{
						"map": "firstmirror",
						"x": 1524,
						"y": 584
					},
					
					{
						"map": "secondmirror",
						"x": 1524,
						"y": 584
					}
				],
				"sections":
				[
					{
						"name": "Open Cave",
						"capture_item": true,
						"item_count": 1,
						"chest_unopened_img": "images/sections/opencave.png",
						"chest_opened_img": "images/sections/opencave.png",
					}
				]
			},
			
			{
				"name": "E8 - First Quest Level 3",
				"short_name": "E8",
				"map_locations": 
				[
					{
						"map": "first",
						"x": 628,
						"y": 700
					},
					
					{
						"map": "second",
						"x": 612,
						"y": 676
					},
					
					{
						"map": "firstmirror",
						"x": 1516,
						"y": 700
					},
					
					{
						"map": "secondmirror",
						"x": 1532,
						"y": 676
					}
				],
				"sections":
				[
					{
						"name": "Open Cave",
						"capture_item": true,
						"item_count": 1,
						"chest_unopened_img": "images/sections/opencave.png",
						"chest_opened_img": "images/sections/opencave.png",
					}
				]
			}
		]
	}
]