[
	{
		"name": "Dungeon",
		"#color": "#4CFF00",
		"chest_unopened_img": "images/sections/dungeonstairs.png",
		"chest_opened_img": "images/sections/openchest.png",
		"children":
		[
			{
				"name": "Level 1 Floor",
				"short_name": "L1 Floor",
				"map_locations":
				[
					{
						"map": "dungeonmapgrid",
						"x": 29,
						"y": 25
					}
				],
				"sections":
				[
					{
						"name": "Floor Item",
						"capture_item": true,
						"item_count": 1,
						"chest_unopened_img": "images/sections/dungeonfloor.png"
					}
				]
			},
			
			{
				"name": "Level 2 Floor (1st Quest), Stairs (2nd Quest)",
				"short_name": "L2 Floor/Stairs",
				"map_locations":
				[
					{
						"map": "dungeonmapgrid",
						"x": 29,
						"y": 43
					}
				],
				"sections":
				[
					{
						"name": "Floor Item (Q1), Stairs (Q2)",
						"capture_item": true,
						"item_count": 1,
						"chest_unopened_img": "images/sections/dungeonfloorstairs.png"
					}
				]
			},
			
			{
				"name": "Level 3 Stairs (1st Quest), Floor (2nd Quest)",
				"short_name": "L3 Stairs/Floor",
				"map_locations":
				[
					{
						"map": "dungeonmapgrid",
						"x": 29,
						"y": 61
					}
				],
				"sections":
				[
					{
						"name": "Stairs Item (Q1), Floor (Q2)",
						"capture_item": true,
						"item_count": 1,
						"chest_unopened_img": "images/sections/dungeonstairsfloor.png"
					}
				]
			},
			
			{
				"name": "Level 4 Stairs",
				"short_name": "L4 Stairs",
				"map_locations":
				[
					{
						"map": "dungeonmapgrid",
						"x": 29,
						"y": 79
					}
				],
				"sections":
				[
					{
						"name": "Stairs Item",
						"capture_item": true,
						"item_count": 1,
					}
				]
			},
			
			{
				"name": "Level 5 Stairs",
				"short_name": "L5 Stairs",
				"map_locations":
				[
					{
						"map": "dungeonmapgrid",
						"x": 29,
						"y": 97
					}
				],
				"sections":
				[
					{
						"name": "Stairs Item",
						"capture_item": true,
						"item_count": 1,
					}
				]
			},
			
			{
				"name": "Level 6 Stairs",
				"short_name": "L6 Stairs",
				"map_locations":
				[
					{
						"map": "dungeonmapgrid",
						"x": 29,
						"y": 115
					}
				],
				"sections":
				[
					{
						"name": "Stairs Item",
						"capture_item": true,
						"item_count": 1,
					}
				]
			},
			
			{
				"name": "Level 7 Stairs",
				"short_name": "L7 Stairs",
				"map_locations":
				[
					{
						"map": "dungeonmapgrid",
						"x": 29,
						"y": 133
					}
				],
				"sections":
				[
					{
						"name": "Stairs Item",
						"capture_item": true,
						"item_count": 1,
					}
				]
			},
			
			{
				"name": "Level 8 Stairs",
				"short_name": "L8 Stairs",
				"map_locations":
				[
					{
						"map": "dungeonmapgrid",
						"x": 29,
						"y": 151
					}
				],
				"sections":
				[
					{
						"name": "Stairs Item",
						"capture_item": true,
						"item_count": 1,
					}
				]
			},
			
			{
				"name": "Level 9 Stairs",
				"short_name": "L9 Stairs",
				"map_locations":
				[
					{
						"map": "dungeonmapgrid",
						"x": 29,
						"y": 169
					}
				],
				"sections":
				[
					{
						"name": "Stairs Item",
						"capture_item": true,
						"item_count": 1,
					}
				]
			},
			
			{
				"name": "Level 1 Heart",
				"short_name": "L1 Heart",
				"map_locations":
				[
					{
						"map": "dungeonmapgrid",
						"x": 47,
						"y": 25
					}
				],
				"sections":
				[
					{
						"name": "Floor Item",
						"capture_item": true,
						"item_count": 1,
						"chest_unopened_img": "images/sections/dungeonfloor.png"
					}
				]
			},
			
			{
				"name": "Level 2 Heart",
				"short_name": "L2 Heart",
				"map_locations":
				[
					{
						"map": "dungeonmapgrid",
						"x": 47,
						"y": 43
					}
				],
				"sections":
				[
					{
						"name": "Floor Item",
						"capture_item": true,
						"item_count": 1,
						"chest_unopened_img": "images/sections/dungeonfloor.png"
					}
				]
			},
			
			{
				"name": "Level 3 Heart",
				"short_name": "L3 Heart",
				"map_locations":
				[
					{
						"map": "dungeonmapgrid",
						"x": 47,
						"y": 61
					}
				],
				"sections":
				[
					{
						"name": "Floor Item",
						"capture_item": true,
						"item_count": 1,
						"chest_unopened_img": "images/sections/dungeonfloor.png"
					}
				]
			},
			
			{
				"name": "Level 4 Heart",
				"short_name": "L4 Heart",
				"map_locations":
				[
					{
						"map": "dungeonmapgrid",
						"x": 47,
						"y": 79
					}
				],
				"sections":
				[
					{
						"name": "Floor Item",
						"capture_item": true,
						"item_count": 1,
						"chest_unopened_img": "images/sections/dungeonfloor.png"
					}
				]
			},
			
			{
				"name": "Level 5 Heart",
				"short_name": "L5 Heart",
				"map_locations":
				[
					{
						"map": "dungeonmapgrid",
						"x": 47,
						"y": 97
					}
				],
				"sections":
				[
					{
						"name": "Floor Item",
						"capture_item": true,
						"item_count": 1,
						"chest_unopened_img": "images/sections/dungeonfloor.png"
					}
				]
			},
			
			{
				"name": "Level 6 Heart",
				"short_name": "L6 Heart",
				"map_locations":
				[
					{
						"map": "dungeonmapgrid",
						"x": 47,
						"y": 115
					}
				],
				"sections":
				[
					{
						"name": "Floor Item",
						"capture_item": true,
						"item_count": 1,
						"chest_unopened_img": "images/sections/dungeonfloor.png"
					}
				]
			},
			
			{
				"name": "Level 7 Heart",
				"short_name": "L7 Heart",
				"map_locations":
				[
					{
						"map": "dungeonmapgrid",
						"x": 47,
						"y": 133
					}
				],
				"sections":
				[
					{
						"name": "Floor Item",
						"capture_item": true,
						"item_count": 1,
						"chest_unopened_img": "images/sections/dungeonfloor.png"
					}
				]
			},
			
			{
				"name": "Level 8 Heart",
				"short_name": "L8 Heart",
				"map_locations":
				[
					{
						"map": "dungeonmapgrid",
						"x": 47,
						"y": 151
					}
				],
				"sections":
				[
					{
						"name": "Floor Item",
						"capture_item": true,
						"item_count": 1,
						"chest_unopened_img": "images/sections/dungeonfloor.png"
					}
				]
			},
			
			{
				"name": "Level 1 Stairs",
				"short_name": "L1 Stairs",
				"map_locations":
				[
					{
						"map": "dungeonmapgrid",
						"x": 65,
						"y": 25
					}
				],
				"sections":
				[
					{
						"name": "Stairs Item (1st Quest)",
						"capture_item": true,
						"item_count": 1,
						"chest_unopened_img": "images/sections/dungeonstairsq1.png"
					}
				]
			},
			
			{
				"name": "Level 4 Stairs",
				"short_name": "L4 Stairs",
				"map_locations":
				[
					{
						"map": "dungeonmapgrid",
						"x": 65,
						"y": 79
					}
				],
				"sections":
				[
					{
						"name": "Stairs Item (2nd Quest)",
						"capture_item": true,
						"item_count": 1,
						"chest_unopened_img": "images/sections/dungeonstairsq2.png"
					}
				]
			},
			
			{
				"name": "Level 8 Stairs",
				"short_name": "L8 Stairs",
				"map_locations":
				[
					{
						"map": "dungeonmapgrid",
						"x": 65,
						"y": 151
					}
				],
				"sections":
				[
					{
						"name": "Stairs Item",
						"capture_item": true,
						"item_count": 1
					}
				]
			},
			
			{
				"name": "Level 9 Stairs",
				"short_name": "L9 Stairs",
				"map_locations":
				[
					{
						"map": "dungeonmapgrid",
						"x": 65,
						"y": 169
					}
				],
				"sections":
				[
					{
						"name": "Stairs Item",
						"capture_item": true,
						"item_count": 1
					}
				]
			},
		]
	}
]