[	
	{
		"name": "Graveyard",
		"color": "#747474",
		"chest_unopened_img": "images/sections/grave.png",
		"chest_opened_img": "images/sections/stairs.png",
		"children":
		[
			{
				"name": "A3 - Push Grave",
				"short_name": "A3",
				"map_locations": 
				[
					{
						"map": "first",
						"badge_size": 36,
						"x": 100,
						"y": 268,
						"visibility_rules": [ "mixedquest" ]
					},
					
					{
						"map": "second",
						"badge_size": 36,
						"x": 100,
						"y": 268
					},
					
					{
						"map": "firstmirror",
						"badge_size": 36,
						"x": 2044,
						"y": 268,
						"visibility_rules": [ "mixedquest" ]
					},
					
					{
						"map": "secondmirror",
						"badge_size": 36,
						"x": 2044,
						"y": 268
					}
				],
				"sections":
				[
					{
						"name": "Push Grave",
						"capture_item": true,
						"item_count": 1
					}
				]
			},
			
			{
				"name": "B3 - First Quest Magic Sword",
				"short_name": "B3",
				"map_locations": 
				[
					{
						"map": "first",
						"badge_size": 36,
						"x": 252,
						"y": 268
					},
					
					{
						"map": "second",
						"badge_size": 36,
						"x": 252,
						"y": 268,
						"visibility_rules": [ "mixedquest" ]
					},
					
					{
						"map": "firstmirror",
						"badge_size": 36,
						"x": 1892,
						"y": 268,
					},
					
					{
						"map": "secondmirror",
						"badge_size": 36,
						"x": 1892,
						"y": 268,
						"visibility_rules": [ "mixedquest" ]
					}
				],
				"sections":
				[
					{
						"name": "Push Grave",
						"capture_item": true,
						"item_count": 1
					}
				]
			},
			
			{
				"name": "C3 - First Quest Level 6",
				"short_name": "C3",
				"map_locations": 
				[
					{
						"map": "first",
						"badge_size": 36,
						"x": 368,
						"y": 260
					},
					
					{
						"map": "second",
						"badge_size": 36,
						"x": 368,
						"y": 260,
					},
					
					{
						"map": "firstmirror",
						"badge_size": 36,
						"x": 1776,
						"y": 260,
					},
					
					{
						"map": "secondmirror",
						"badge_size": 36,
						"x": 1776,
						"y": 260,
					}
				],
				"sections":
				[
					{
						"name": "Open Cave",
						"capture_item": true,
						"item_count": 1,
						"chest_unopened_img": "images/sections/opencave.png",
						"chest_opened_img": "images/sections/opencave.png"
					}
				]
			},
			
			{
				"name": "D3 - Graveyard Warp",
				"short_name": "D3",
				"access_rules": [ "[sword],powerbracelet" ],
				"map_locations": 
				[
					{
						"map": "first",
						"badge_size": 36,
						"x": 460,
						"y": 268
					},
					
					{
						"map": "second",
						"badge_size": 36,
						"x": 460,
						"y": 268
					},
					
					{
						"map": "firstmirror",
						"badge_size": 36,
						"x": 1684,
						"y": 268
					},
					
					{
						"map": "secondmirror",
						"badge_size": 36,
						"x": 1684,
						"y": 268
					}
				],
				"sections":
				[
					{
						"name": "Push Rock",
						"capture_item": true,
						"item_count": 1,
						"chest_unopened_img": "images/sections/pushrock.png"
					}
				]
			},
			
			{
				"name": "E3 - Graveyard Armos",
				"short_name": "E3",
				"map_locations": 
				[
					{
						"map": "first",
						"badge_size": 36,
						"x": 628,
						"y": 260
					},
					
					{
						"map": "second",
						"badge_size": 36,
						"x": 628,
						"y": 260
					},
					
					{
						"map": "firstmirror",
						"badge_size": 36,
						"x": 1516,
						"y": 260
					},
					
					{
						"map": "secondmirror",
						"badge_size": 36,
						"x": 1516,
						"y": 260
					}
				],
				"sections":
				[
					{
						"name": "Under Armos",
						"capture_item": true,
						"item_count": 1,
						"chest_unopened_img": "images/sections/armos.png"
					}
				]
			},

			{
				"name": "F3 - Graveyard Shop",
				"short_name": "F3",
				"map_locations": 
				[
					{
						"map": "first",
						"badge_size": 36,
						"x": 772,
						"y": 236
					},
					
					{
						"map": "second",
						"badge_size": 36,
						"x": 772,
						"y": 236
					},
					
					{
						"map": "firstmirror",
						"badge_size": 36,
						"x": 1372,
						"y": 236
					},
					
					{
						"map": "secondmirror",
						"badge_size": 36,
						"x": 1372,
						"y": 236
					}
				],
				"sections":
				[
					{
						"name": "Open Cave",
						"capture_item": true,
						"item_count": 1,
						"chest_unopened_img": "images/sections/opencave.png",
						"chest_opened_img": "images/sections/opencave.png"
					}
				]
			},
			
			{
				"name": "A4 - Recorder Spot",
				"short_name": "A4",
				"access_rules": [ "[sword],recorder" ],
				"map_locations": 
				[
					{
						"map": "first",
						"badge_size": 36,
						"x": 112,
						"y": 356,
						"visibility_rules": [ "mixedquest" ]
					},
					
					{
						"map": "second",
						"badge_size": 36,
						"x": 112,
						"y": 356
					},
					
					{
						"map": "firstmirror",
						"badge_size": 36,
						"x": 2032,
						"y": 356,
						"visibility_rules": [ "mixedquest" ]
					},
					
					{
						"map": "secondmirror",
						"badge_size": 36,
						"x": 2032,
						"y": 356
					}
				],
				"sections":
				[
					{
						"name": "Use Recorder",
						"capture_item": true,
						"item_count": 1,
						"chest_unopened_img": "images/sections/recorderwater.png"
					}
				]
			},
			
			{
				"name": "D4 - Bomb Wall",
				"short_name": "D4",
				"access_rules": [ "[sword],bomb" ],
				"map_locations": 
				[
					{
						"map": "first",
						"badge_size": 36,
						"x": 516,
						"y": 324
					},
					
					{
						"map": "second",
						"badge_size": 36,
						"x": 516,
						"y": 324
					},
					
					{
						"map": "firstmirror",
						"badge_size": 36,
						"x": 1628,
						"y": 324
					},
					
					{
						"map": "secondmirror",
						"badge_size": 36,
						"x": 1628,
						"y": 324
					}
				],
				"sections":
				[
					{
						"name": "Bomb Wall",
						"capture_item": true,
						"item_count": 1,
						"chest_unopened_img": "images/sections/bombwall.png",
						"chest_opened_img": "images/sections/opencave.png"
					}
				]
			},
			
			{
				"name": "A7 - Recorder Spot",
				"short_name": "A7",
				"access_rules": [ "[sword],recorder" ],
				"map_locations": 
				[
					{
						"map": "first",
						"badge_size": 36,
						"x": 112,
						"y": 620,
						"visibility_rules": [ "mixedquest" ]
					},
					
					{
						"map": "second",
						"badge_size": 36,
						"x": 112,
						"y": 620
					},
					
					{
						"map": "firstmirror",
						"badge_size": 36,
						"x": 2032,
						"y": 620,
						"visibility_rules": [ "mixedquest" ]
					},
					
					{
						"map": "secondmirror",
						"badge_size": 36,
						"x": 2032,
						"y": 620
					}
				],
				"sections":
				[
					{
						"name": "Use Recorder",
						"capture_item": true,
						"item_count": 1,
						"chest_unopened_img": "images/sections/recorderwater.png"
					}
				]
			}
		]
	}
]