[
	{
		"name": "Lake",
		"color": "#0026FF",
		"chest_unopened_img": "images/sections/burnbush.png",
		"chest_opened_img": "images/sections/stairs.png",
		"children": 
		[
			{
				"name": "K1 - First Quest White Sword",
				"short_name": "K1",
				"map_locations": 
				[
					{
						"map": "first",
						"x": 1348,
						"y": 60
					},
					
					{
						"map": "second",
						"x": 1348,
						"y": 60
					},
					
					{
						"map": "firstmirror",
						"x": 796,
						"y": 60
					},
					
					{
						"map": "secondmirror",
						"x": 796,
						"y": 60
					}
				],
				"sections":
				[
					{
						"name": "Open Cave",
						"capture_item": true,
						"item_count": 1,
						"chest_unopened_img": "images/sections/opencave.png",
						"chest_opened_img": "images/sections/opencave.png"
					}
				]
			},
			
			{
				"name": "G3 - Forgotten Spot",
				"short_name": "G3",
				"access_rules": [ "[sword],bomb" ],
				"map_locations": 
				[
					{
						"map": "first",
						"x": 844,
						"y": 236
					},
					
					{
						"map": "second",
						"x": 844,
						"y": 236
					},
					
					{
						"map": "firstmirror",
						"x": 1300,
						"y": 236
					},
					
					{
						"map": "secondmirror",
						"x": 1300,
						"y": 236
					}
				],
				"sections":
				[
					{
						"name": "Bomb Wall",
						"capture_item": true,
						"item_count": 1,
						"chest_unopened_img": "images/sections/bombwall.png",
						"chest_opened_img": "images/sections/opencave.png"
					}
				]
			},
			
			{
				"name": "E4 - Lake Armos",
				"short_name": "E4",
				"map_locations": 
				[
					{
						"map": "first",
						"x": 596,
						"y": 348
					},
					
					{
						"map": "second",
						"x": 596,
						"y": 348
					},
					
					{
						"map": "firstmirror",
						"x": 1548,
						"y": 348
					},
					
					{
						"map": "secondmirror",
						"x": 1548,
						"y": 348
					}
				],
				"sections":
				[
					{
						"name": "Under Armos",
						"capture_item": true,
						"item_count": 1,
						"chest_unopened_img": "images/sections/armos.png"
					}
				]
			},
			
			{
				"name": "H4 - Vanilla Level 1",
				"short_name": "H4",
				"map_locations": 
				[
					{
						"map": "first",
						"x": 1004,
						"y": 348
					},
					
					{
						"map": "second",
						"x": 1004,
						"y": 348
					},
					
					{
						"map": "firstmirror",
						"x": 1140,
						"y": 348
					},
					
					{
						"map": "secondmirror",
						"x": 1140,
						"y": 348
					}
				],
				"sections":
				[
					{
						"name": "Open Cave",
						"capture_item": true,
						"item_count": 1,
						"chest_unopened_img": "images/sections/opencave.png",
						"chest_opened_img": "images/sections/opencave.png"
					}
				]
			},
			
			{
				"name": "C5 - First Quest Level 7",
				"short_name": "C5",
				"access_rules": [ "[sword],recorder" ],
				"map_locations": 
				[
					{
						"map": "first",
						"x": 368,
						"y": 440
					},
					
					{
						"map": "second",
						"x": 368,
						"y": 440,
						"visibility_rules": [ "mixedquest" ]
					},
					
					{
						"map": "firstmirror",
						"x": 1776,
						"y": 440
					},
					
					{
						"map": "secondmirror",
						"x": 1776,
						"y": 440,
						"visibility_rules": [ "mixedquest" ]
					}
				],
				"sections":
				[
					{
						"name": "Use Recorder",
						"capture_item": true,
						"item_count": 1,
						"chest_unopened_img": "images/sections/recorderwater.png"
					}
				]
			},
			
			{
				"name": "E5 - Lake Shop",
				"short_name": "E5",
				"map_locations": 
				[
					{
						"map": "first",
						"x": 596,
						"y": 412
					},
					
					{
						"map": "second",
						"x": 596,
						"y": 412
					},
					
					{
						"map": "firstmirror",
						"x": 1548,
						"y": 412
					},
					
					{
						"map": "secondmirror",
						"x": 1548,
						"y": 412
					}
				],
				"sections":
				[
					{
						"name": "Open Cave",
						"capture_item": true,
						"item_count": 1,
						"chest_unopened_img": "images/sections/opencave.png",
						"chest_opened_img": "images/sections/opencave.png"
					}
				]
			},
			
			{
				"name": "F5 - First Quest Level 4",
				"short_name": "F5",
				"access_rules": [ "[sword],raft" ],
				"map_locations": 
				[
					{
						"map": "first",
						"x": 756,
						"y": 436
					},
					
					{
						"map": "second",
						"x": 756,
						"y": 436
					},
					
					{
						"map": "firstmirror",
						"x": 1388,
						"y": 436
					},
					
					{
						"map": "secondmirror",
						"x": 1388,
						"y": 436
					}
				],
				"sections":
				[
					{
						"name": "Raft from F6",
						"capture_item": true,
						"item_count": 1,
						"chest_unopened_img": "images/sections/raftwater.png",
						"chest_opened_img": "images/sections/opencave.png"
					}
				]
			},
			
			{
				"name": "G5 - Burn Bush",
				"short_name": "G5",
				"access_rules": [ "[sword],candle" ],
				"map_locations": 
				[
					{
						"map": "first",
						"x": 892,
						"y": 460
					},
					
					{
						"map": "second",
						"x": 892,
						"y": 460
					},
					
					{
						"map": "firstmirror",
						"x": 1252,
						"y": 460
					},
					
					{
						"map": "secondmirror",
						"x": 1252,
						"y": 460
					}
				],
				"sections":
				[
					{
						"name": "Burn Bush",
						"capture_item": true,
						"item_count": 1
					}
				]
			},
			
			{
				"name": "H5 - Burn Bush",
				"short_name": "H5",
				"access_rules": [ "[sword],candle" ],
				"map_locations": 
				[
					{
						"map": "first",
						"x": 1036,
						"y": 460
					},
					
					{
						"map": "second",
						"x": 1036,
						"y": 460,
						"visibility_rules": [ "mixedquest" ]
					},
					
					{
						"map": "firstmirror",
						"x": 1108,
						"y": 460
					},
					
					{
						"map": "secondmirror",
						"x": 1108,
						"y": 440,
						"visibility_rules": [ "mixedquest" ]
					}
				],
				"sections":
				[
					{
						"name": "Burn Bush",
						"capture_item": true,
						"item_count": 1
					}
				]
			},
			
			{
				"name": "I5 - Burn Bush",
				"short_name": "I5",
				"access_rules": [ "[sword],candle" ],
				"map_locations": 
				[
					{
						"map": "first",
						"x": 1180,
						"y": 420
					},
					
					{
						"map": "second",
						"x": 1180,
						"y": 420
					},
					
					{
						"map": "firstmirror",
						"x": 964,
						"y": 420
					},
					
					{
						"map": "secondmirror",
						"x": 964,
						"y": 420
					}
				],
				"sections":
				[
					{
						"name": "Burn Bush",
						"capture_item": true,
						"item_count": 1
					}
				]
			},
			
			{
				"name": "G6 - Burn Bush",
				"short_name": "G6",
				"access_rules": [ "[sword],candle" ],
				"map_locations": 
				[
					{
						"map": "first",
						"x": 900,
						"y": 540
					},
					
					{
						"map": "second",
						"x": 900,
						"y": 540
					},
					
					{
						"map": "firstmirror",
						"x": 1244,
						"y": 540
					},
					
					{
						"map": "secondmirror",
						"x": 1244,
						"y": 540
					}
				],
				"sections":
				[
					{
						"name": "Burn Bush",
						"capture_item": true,
						"item_count": 1
					}
				]
			},
			
			{
				"name": "K7 - Burn Bush",
				"short_name": "K7",
				"access_rules": [ "[sword],candle" ],
				"map_locations": 
				[
					{
						"map": "first",
						"x": 1428,
						"y": 628
					},
					
					{
						"map": "second",
						"x": 1428,
						"y": 628
					},
					
					{
						"map": "firstmirror",
						"x": 716,
						"y": 628
					},
					
					{
						"map": "secondmirror",
						"x": 716,
						"y": 628
					}
				],
				"sections":
				[
					{
						"name": "Burn Bush",
						"capture_item": true,
						"item_count": 1
					}
				]
			}
		]
	}
]