[
	{
		"name": "River",
		"color": "#00FFFF",
		"chest_unopened_img": "images/sections/ladderwater.png",
		"chest_opened_img": "images/sections/opencave.png",
		"children": 
		[
			{
				"name": "I2 - Bomb Wall",
				"short_name": "I2",
				"access_rules": [ "[sword],bomb,ladder" ],
				"map_locations": 
				[
					{
						"map": "first",
						"x": 1172,
						"y": 164,
						"visibility_rules": [ "mixedquest" ]
					},
					
					{
						"map": "second",
						"x": 1172,
						"y": 164
					},
					
					{
						"map": "firstmirror",
						"x": 972,
						"y": 164,
						"visibility_rules": [ "mixedquest" ]
					},
					
					{
						"map": "secondmirror",
						"x": 972,
						"y": 164
					}
				],
				"sections":
				[
					{
						"name": "Bomb Wall Behind River",
						"capture_item": true,
						"item_count": 1
					}
				]
			},
			
			{
				"name": "J2 - Bomb Wall",
				"short_name": "J2",
				"access_rules": [ "[sword],bomb,ladder" ],
				"map_locations": 
				[
					{
						"map": "first",
						"x": 1236,
						"y": 164,
						"visibility_rules": [ "mixedquest" ]
					},
					
					{
						"map": "second",
						"x": 1236,
						"y": 164
					},
					
					{
						"map": "firstmirror",
						"x": 908,
						"y": 164,
						"visibility_rules": [ "mixedquest" ]
					},
					
					{
						"map": "secondmirror",
						"x": 908,
						"y": 164
					}
				],
				"sections":
				[
					{
						"name": "Bomb Wall Behind River",
						"capture_item": true,
						"item_count": 1
					}
				]
			},
			
			{
				"name": "K2 - Waterfall",
				"short_name": "Waterfall",
				"map_locations": 
				[
					{
						"map": "first",
						"x": 1380,
						"y": 172
					},
					
					{
						"map": "second",
						"x": 1380,
						"y": 172
					},
					
					{
						"map": "firstmirror",
						"x": 764,
						"y": 172
					},
					
					{
						"map": "secondmirror",
						"x": 764,
						"y": 172
					}
				],
				"sections":
				[
					{
						"name": "Enter Waterfall",
						"capture_item": true,
						"item_count": 1,
						"chest_unopened_img": "images/sections/waterfall.png",
						"chest_opened_img": "images/sections/waterfall.png"
					}
				]
			},
			
			{
				"name": "H3 - Bomb Wall",
				"short_name": "H3",
				"access_rules": [ "[sword],bomb" ],
				"map_locations": 
				[
					{
						"map": "first",
						"x": 1060,
						"y": 236
					},
					
					{
						"map": "second",
						"x": 1060,
						"y": 236,
						"visibility_rules": [ "mixedquest" ]
					},
					
					{
						"map": "firstmirror",
						"x": 1084,
						"y": 236
					},
					
					{
						"map": "secondmirror",
						"x": 1084,
						"y": 236,
						"visibility_rules": [ "mixedquest" ]
					}
				],
				"sections":
				[
					{
						"name": "Bomb Wall",
						"capture_item": true,
						"item_count": 1,
						"chest_unopened_img": "images/sections/bombwall.png",
					}
				]
			},

			{
				"name": "F8 - Open Cave",
				"short_name": "F8",
				"map_locations": 
				[
					{
						"map": "first",
						"x": 708,
						"y": 676,
					},
					
					{
						"map": "second",
						"x": 708,
						"y": 676
					},
					
					{
						"map": "firstmirror",
						"x": 1436,
						"y": 676
					},
					
					{
						"map": "secondmirror",
						"x": 1436,
						"y": 676
					}
				],
				"sections":
				[
					{
						"name": "Open Cave",
						"capture_item": true,
						"item_count": 1,
						"chest_unopened_img": "images/sections/opencave.png"
					}
				]
			}
		]
	}
]