[
  
  // Downstab
  {
    "name": "Downstab",
    "type": "toggle",
    "img": "images/items/downstabman.png",
    "codes": "downstab"
  },
  
  // Heart Container
  {
    "name": "Heart Container",
    "type": "toggle",
    "img": "images/items/heartcontainer.png",
    "codes": "heartcontainer"
  },
  
  // Magic Container
  {
    "name": "Magic Container",
    "type": "toggle",
    "img": "images/items/magiccontainer.png",
    "codes": "magiccontainer,magicjar"
  },

  // Points Bag
  {
    "name": "Points Bag",
    "type": "toggle",
    "img": "images/items/pbag.png",
    "codes": "pointsbag,pbag"
  },
  
  // Red Potion
  {
    "name": "Red Potion",
    "type": "toggle",
    "img": "images/items/redpotion.png",
    "codes": "redpotion"
  },
  
  // Upstab
  {
    "name": "Upstab",
    "type": "toggle",
    "img": "images/items/upstabman.png",
    "codes": "upstab"
  }
]