[
  // Boots
  {
    "name": "Boots",
    "type": "progressive_toggle",
	"stages": [
	  {
        "img": "images/items/boots.png",
        "codes": "boot,boots"
      },
	  {
        "img": "images/items/boots.png",
		"img_mods": "overlay|images/overlays/w.png",
		"codes": "boot,boots",
        "secondary_codes": "w,west"
      },
	  {
        "img": "images/items/boots.png",
		"img_mods": "overlay|images/overlays/e.png",
        "codes": "boot,boots",
		"secondary_codes": "e,east"
      },
	  {
        "img": "images/items/boots.png",
		"img_mods": "overlay|images/overlays/dm.png",
        "codes": "boot,boots",
		"secondary_codes": "dm,deathmountain"
      },
	  {
        "img": "images/items/boots.png",
		"img_mods": "overlay|images/overlays/mi.png",
        "codes": "boot,boots",
		"secondary_codes": "mi,mazeisland"
      },
	  {
        "img": "images/items/boots.png",
		"img_mods": "overlay|images/overlays/palace.png",
        "codes": "boot,boots",
		"secondary_codes": "palace"
      }
	]
  },
  
  // Candle
  {
    "name": "Candle",
    "type": "progressive_toggle",
	"stages": [
	  {
        "img": "images/items/candle.png",
        "codes": "candle"
	  },
	  {
        "img": "images/items/candle.png",
		"img_mods": "overlay|images/overlays/w.png",
        "codes": "candle",
		"secondary_codes": "w,west"
	  },
	  {
        "img": "images/items/candle.png",
		"img_mods": "overlay|images/overlays/e.png",
        "codes": "candle",
		"secondary_codes": "e,east"
	  },
	  {
        "img": "images/items/candle.png",
		"img_mods": "overlay|images/overlays/dm.png",
        "codes": "candle",
		"secondary_codes": "dm,deathmountain"
	  },
	  {
        "img": "images/items/candle.png",
		"img_mods": "overlay|images/overlays/mi.png",
        "codes": "candle",
		"secondary_codes": "mi,mazeisland"
	  },
	  {
        "img": "images/items/candle.png",
		"img_mods": "overlay|images/overlays/palace.png",
        "codes": "candle",
		"secondary_codes": "palace"
	  },
	]
  },
  
  // Cross
  {
    "name": "Cross",
    "type": "progressive_toggle",
	"stages": [
	  {
		"img": "images/items/cross.png",
		"codes": "cross"
	  },
	  {
		"img": "images/items/cross.png",
		"img_mods": "overlay|images/overlays/w.png",
		"codes": "cross",
		"secondary_codes": "w,west"
	  },
	  {
		"img": "images/items/cross.png",
		"img_mods": "overlay|images/overlays/e.png",
		"codes": "cross",
		"secondary_codes": "e,east"
	  },
	  {
		"img": "images/items/cross.png",
		"img_mods": "overlay|images/overlays/dm.png",
		"codes": "cross",
		"secondary_codes": "dm,deathmountain"
	  },
	  {
		"img": "images/items/cross.png",
		"img_mods": "overlay|images/overlays/mi.png",
		"codes": "cross",
		"secondary_codes": "mi,mazeisland"
	  },
	  {
		"img": "images/items/cross.png",
		"img_mods": "overlay|images/overlays/palace.png",
		"codes": "cross",
		"secondary_codes": "palace"
	  }
	]
  },
  
  // Downstab
  {
    "name": "Downstab",
    "type": "toggle",
    "img": "images/items/downstabman.png",
    "codes": "downstab"
  },
  
  // Flute
  {
    "name": "Flute",
    "type": "progressive_toggle",
	"stages": [
	  {
		"img": "images/items/flute.png",
		"codes": "flute,recorder"
	  },
	  {
		"img": "images/items/flute.png",
		"img_mods": "overlay|images/overlays/w.png",
		"codes": "flute,recorder",
		"secondary_codes": "w,west"
      },
	  {
		"img": "images/items/flute.png",
		"img_mods": "overlay|images/overlays/e.png",
		"codes": "flute,recorder",
		"secondary_codes": "e,east"
      },
	  {
		"img": "images/items/flute.png",
		"img_mods": "overlay|images/overlays/dm.png",
		"codes": "flute,recorder",
		"secondary_codes": "dm,deathmountain"
      },
	  {
		"img": "images/items/flute.png",
		"img_mods": "overlay|images/overlays/mi.png",
		"codes": "flute,recorder",
		"secondary_codes": "mi,mazeisland"
      },
	  {
		"img": "images/items/flute.png",
		"img_mods": "overlay|images/overlays/palace.png",
		"codes": "flute,recorder",
		"secondary_codes": "palace"
      }
	]
  },
  
  // Glove
  {
    "name": "Glove",
    "type": "progressive_toggle",
	"stages": [
	  {
        "img": "images/items/glove.png",
        "codes": "glove,gauntlet"
	  },
	  {
        "img": "images/items/glove.png",
		"img_mods": "overlay|images/overlays/w.png",
        "codes": "glove,gauntlet",
		"secondary_codes": "w,west"
	  },
	  {
        "img": "images/items/glove.png",
		"img_mods": "overlay|images/overlays/e.png",
        "codes": "glove,gauntlet",
		"secondary_codes": "e,east"
	  },
	  {
        "img": "images/items/glove.png",
		"img_mods": "overlay|images/overlays/dm.png",
        "codes": "glove,gauntlet",
		"secondary_codes": "dm,deathmountain"
	  },
	  {
        "img": "images/items/glove.png",
		"img_mods": "overlay|images/overlays/mi.png",
        "codes": "glove,gauntlet",
		"secondary_codes": "mi,mazeisland"
	  },
	  {
        "img": "images/items/glove.png",
		"img_mods": "overlay|images/overlays/palace.png",
        "codes": "glove,gauntlet",
		"secondary_codes": "palace"
	  }
	]
  },
  
  // Hammer
  {
    "name": "Hammer",
    "type": "progressive_toggle",
	"stages": [
	  {
		"img": "images/items/hammer.png",
		"codes": "hammer"
	  },
      {
		"img": "images/items/hammer.png",
		"img_mods": "overlay|images/overlays/w.png",
		"codes": "hammer",
		"secondary_codes": "w,west"
	  },
	  {
		"img": "images/items/hammer.png",
		"img_mods": "overlay|images/overlays/e.png",
		"codes": "hammer",
		"secondary_codes": "e,east"
	  },
	  {
		"img": "images/items/hammer.png",
		"img_mods": "overlay|images/overlays/dm.png",
		"codes": "hammer",
		"secondary_codes": "dm,deathmountain"
	  },
	  {
		"img": "images/items/hammer.png",
		"img_mods": "overlay|images/overlays/mi.png",
		"codes": "hammer",
		"secondary_codes": "mi,mazeisland"
	  },
	  {
		"img": "images/items/hammer.png",
		"img_mods": "overlay|images/overlays/palace.png",
		"codes": "hammer",
		"secondary_codes": "palace"
	  }
	]
  },
  
  // Heart Container
  {
    "name": "Heart Container",
    "type": "toggle",
    "img": "images/items/heartcontainer.png",
    "codes": "heartcontainer"
  },
  
  // Kid
  {
    "name": "Kid",
    "type": "progressive_toggle",
	"stages": [
	  {
        "img": "images/items/kid.png",
        "codes": "kid,child"
	  },
	  {
        "img": "images/items/kid.png",
		"img_mods": "overlay|images/overlays/w.png",
        "codes": "kid,child",
		"secondary_codes": "w,west"
	  },
	  {
        "img": "images/items/kid.png",
		"img_mods": "overlay|images/overlays/e.png",
        "codes": "kid,child",
		"secondary_codes": "e,east"
	  },
	  {
        "img": "images/items/kid.png",
		"img_mods": "overlay|images/overlays/dm.png",
        "codes": "kid,child",
		"secondary_codes": "dm,deathmountain"
	  },
	  {
        "img": "images/items/kid.png",
		"img_mods": "overlay|images/overlays/mi.png",
        "codes": "kid,child",
		"secondary_codes": "mi,mazeisland"
	  },
	  {
        "img": "images/items/kid.png",
		"img_mods": "overlay|images/overlays/palace.png",
        "codes": "kid,child",
		"secondary_codes": "palace"
	  }
	]
  },
  
  // Magic Container
  {
    "name": "Magic Container",
    "type": "toggle",
    "img": "images/items/magiccontainer.png",
    "codes": "magiccontainer,magicjar"
  },

  // Magic Key
  {
    "name": "Magic Key",
    "type": "progressive_toggle",
	"stages": [
	  {
        "img": "images/items/magickey.png",
        "codes": "magickey,anykey"
      },
	  {
        "img": "images/items/magickey.png",
		"img_mods": "overlay|images/overlays/w.png",
        "codes": "magickey,anykey",
		"secondary_codes": "w,west"
      },
	  {
        "img": "images/items/magickey.png",
		"img_mods": "overlay|images/overlays/e.png",
        "codes": "magickey,anykey",
		"secondary_codes": "e,east"
      },
	  {
        "img": "images/items/magickey.png",
		"img_mods": "overlay|images/overlays/dm.png",
        "codes": "magickey,anykey",
		"secondary_codes": "dm,deathmountain"
      },
	  {
        "img": "images/items/magickey.png",
		"img_mods": "overlay|images/overlays/mi.png",
        "codes": "magickey,anykey",
		"secondary_codes": "mi,mazeisland"
      },
	  {
        "img": "images/items/magickey.png",
		"img_mods": "overlay|images/overlays/palace.png",
        "codes": "magickey,anykey",
		"secondary_codes": "palace"
      }
	]
  },
  
  // Points Bag
  {
    "name": "Points Bag",
    "type": "toggle",
    "img": "images/items/pbag.png",
    "codes": "pointsbag,pbag"
  },
  
  // Raft
  {
    "name": "Raft",
    "type": "progressive_toggle",
	"stages": [
	  {
        "img": "images/items/raft.png",
        "codes": "raft"
	  },
	  {
        "img": "images/items/raft.png",
		"img_mods": "overlay|images/overlays/w.png",
        "codes": "raft",
		"secondary_codes": "w,west"
	  },
	  {
        "img": "images/items/raft.png",
		"img_mods": "overlay|images/overlays/dm.png",
        "codes": "raft",
		"secondary_codes": "dm,deathmountain"
	  },
	  {
        "img": "images/items/raft.png",
		"img_mods": "overlay|images/overlays/palace.png",
        "codes": "raft",
		"secondary_codes": "palace"
	  }
	]
  },
  
  // Red Potion
  {
    "name": "Red Potion",
    "type": "toggle",
    "img": "images/items/redpotion.png",
    "codes": "redpotion"
  },
  
  // Trophy
  {
    "name": "Trophy",
    "type": "progressive_toggle",
	"stages": [
	  {
	    "img": "images/items/trophy.png",
        "codes": "trophy,figurine,statue"
	  },
	  {
	    "img": "images/items/trophy.png",
		"img_mods": "overlay|images/overlays/w.png",
        "codes": "trophy,figurine,statue",
		"secondary_codes": "w,west"
	  },
	  {
	    "img": "images/items/trophy.png",
		"img_mods": "overlay|images/overlays/e.png",
        "codes": "trophy,figurine,statue",
		"secondary_codes": "e,east"
	  },
	  {
	    "img": "images/items/trophy.png",
		"img_mods": "overlay|images/overlays/dm.png",
        "codes": "trophy,figurine,statue",
		"secondary_codes": "dm,deathmountain"
	  },
	  {
	    "img": "images/items/trophy.png",
		"img_mods": "overlay|images/overlays/mi.png",
        "codes": "trophy,figurine,statue",
		"secondary_codes": "mi,mazeisland"
	  },
	  {
	    "img": "images/items/trophy.png",
		"img_mods": "overlay|images/overlays/palace.png",
        "codes": "trophy,figurine,statue",
		"secondary_codes": "palace"
	  }
	]
  },
  
  // Upstab
  {
    "name": "Upstab",
    "type": "toggle",
    "img": "images/items/upstabman.png",
    "codes": "upstab"
  },
  
  // Water of Life
  {
    "name": "Water of Life",
    "type": "progressive_toggle",
	"stages": [
	  {
	    "img": "images/items/wateroflife.png",
        "codes": "wateroflife,medicine"
	  },
	  {
	    "img": "images/items/wateroflife.png",
		"img_mods": "overlay|images/overlays/w.png",
        "codes": "wateroflife,medicine",
		"secondary_codes": "w,west"
	  },
	  {
	    "img": "images/items/wateroflife.png",
		"img_mods": "overlay|images/overlays/e.png",
        "codes": "wateroflife,medicine",
		"secondary_codes": "e,east"
	  },
	  {
	    "img": "images/items/wateroflife.png",
		"img_mods": "overlay|images/overlays/dm.png",
        "codes": "wateroflife,medicine",
		"secondary_codes": "dm,deathmountain"
	  },
	  {
	    "img": "images/items/wateroflife.png",
		"img_mods": "overlay|images/overlays/mi.png",
        "codes": "wateroflife,medicine",
		"secondary_codes": "mi,mazeisland"
	  },
	  {
	    "img": "images/items/wateroflife.png",
		"img_mods": "overlay|images/overlays/palace.png",
        "codes": "wateroflife,medicine",
		"secondary_codes": "palace"
	  }
	]
  }
]