[
  // Forest Tile
  {
    "name": "Forest Tile",
    "type": "progressive",
    "allow_disabled": false,
    "stages": [
      {
        "img": "images/itemlocations/foresttile.png",
        "codes": "foresttile"
      },
      {
        "img": "images/itemlocations/foresttile.png",
		"img_mods": "overlay|images/overlays/x.png",
        "codes": "foresttile"
      }
    ]
  },
  
  // Three Eye Rock
  {
    "name": "Three Eye Rock",
    "type": "progressive",
    "allow_disabled": false,
    "stages": [
      {
        "img": "images/itemlocations/threeeyerock.png",
        "codes": "threeeyerock"
      },
      {
        "img": "images/itemlocations/threeeyerock.png",
		"img_mods": "overlay|images/overlays/x.png",
        "codes": "threeeyerock"
      }
    ]
  },
  
  // The Letter W
  {
    "name": "The Letter W",
	"type": "static",
	"img": "images/directions/letterw.png",
	"codes": "staticw"
  },
  
  // The Letter E
  {
    "name": "The Letter E",
	"type": "static",
	"img": "images/directions/lettere.png",
	"codes": "statice"
  }
]