[
  // East PBag Cave
  {
    "name": "East PBag Cave",
    "type": "progressive",
    "allow_disabled": false,
    "stages": [
      {
        "img": "images/itemlocations/eastpbagcave.png",
        "codes": "eastpbagcave"
      },
      {
        "img": "images/itemlocations/eastpbagcave.png",
		"img_mods": "overlay|images/overlays/x.png",
        "codes": "eastpbagcave"
      }
    ]
  },
  
  // East PBag Cave 2
  {
    "name": "East PBag Cave 2",
    "type": "progressive",
    "allow_disabled": false,
    "stages": [
      {
        "img": "images/itemlocations/eastpbagcave2.png",
        "codes": "eastpbagcave2"
      },
      {
        "img": "images/itemlocations/eastpbagcave2.png",
		"img_mods": "overlay|images/overlays/x.png",
        "codes": "eastpbagcave2"
      }
    ]
  },

  // Hammer Cave
  {
    "name": "Hammer Cave",
    "type": "progressive",
    "allow_disabled": false,
    "stages": [
      {
        "img": "images/itemlocations/hammercave.png",
        "codes": "hammercave"
      },
      {
        "img": "images/itemlocations/hammercave.png",
		"img_mods": "overlay|images/overlays/x.png",
        "codes": "hammercave"
      }
    ]
  },
  
  // Heart Container Cave
  {
    "name": "Heart Container Cave",
    "type": "progressive",
    "allow_disabled": false,
    "stages": [
      {
        "img": "images/itemlocations/heartcontainercave.png",
        "codes": "heartcontainercave,hccave"
      },
      {
        "img": "images/itemlocations/heartcontainercave.png",
		"img_mods": "overlay|images/overlays/x.png",
        "codes": "heartcontainercave,hccave"
      }
    ]
  },
  
  // Heart Container Desert
  {
    "name": "Heart Container Desert",
    "type": "progressive",
    "allow_disabled": false,
    "stages": [
      {
        "img": "images/itemlocations/heartcontainerdesert.png",
        "codes": "heartcontainerdesert,hcdesert"
      },
      {
        "img": "images/itemlocations/heartcontainerdesert.png",
		"img_mods": "overlay|images/overlays/x.png",
        "codes": "heartcontainerdesert,hcdesert"
      }
    ]
  },
  
  // Heart Container Grass
  {
    "name": "Heart Container Grass",
    "type": "progressive",
    "allow_disabled": false,
    "stages": [
      {
        "img": "images/itemlocations/heartcontainergrass.png",
        "codes": "heartcontainergrass,hcgrass"
      },
      {
        "img": "images/itemlocations/heartcontainergrass.png",
		"img_mods": "overlay|images/overlays/x.png",
        "codes": "heartcontainergrass,hcgrass"
      }
    ]
  },
  
  // Heart Container Sea
  {
    "name": "Heart Container Sea",
    "type": "progressive",
    "allow_disabled": false,
    "stages": [
      {
        "img": "images/itemlocations/heartcontainersea.png",
        "codes": "heartcontainersea,hcsea"
      },
      {
        "img": "images/itemlocations/heartcontainersea.png",
		"img_mods": "overlay|images/overlays/x.png",
        "codes": "heartcontainersea,hcsea"
      }
    ]
  },
  
  // Kid Maze
  {
    "name": "Kid Maze",
    "type": "progressive",
    "allow_disabled": false,
    "stages": [
      {
        "img": "images/itemlocations/kidmaze.png",
        "codes": "kidmaze,childmaze"
      },
      {
        "img": "images/itemlocations/kidmaze.png",
		"img_mods": "overlay|images/overlays/x.png",
        "codes": "kidmaze,childmaze"
      }
    ]
  },
  
  // Magic Container Boulder
  {
    "name": "Magic Container Boulder",
    "type": "progressive",
    "allow_disabled": false,
    "stages": [
      {
        "img": "images/itemlocations/magiccontainerboulder.png",
        "codes": "magiccontainerboulder,mcboulder"
      },
      {
        "img": "images/itemlocations/magiccontainerboulder.png",
		"img_mods": "overlay|images/overlays/x.png",
        "codes": "magiccontainerboulder,mcboulder"
      }
    ]
  },
  
  // Magic Container Cave
  {
    "name": "Magic Container Cave",
    "type": "progressive",
    "allow_disabled": false,
    "stages": [
      {
        "img": "images/itemlocations/magiccontainercave.png",
        "codes": "magiccontainercave,mccave"
      },
      {
        "img": "images/itemlocations/magiccontainercave.png",
		"img_mods": "overlay|images/overlays/x.png",
        "codes": "magiccontainercave,mccave"
      }
    ]
  },
  
  // Magic Container Maze
  {
    "name": "Magic Container Maze",
    "type": "progressive",
    "allow_disabled": false,
    "stages": [
      {
        "img": "images/itemlocations/magiccontainermaze.png",
        "codes": "magiccontainermaze,mcmaze"
      },
      {
        "img": "images/itemlocations/magiccontainermaze.png",
		"img_mods": "overlay|images/overlays/x.png",
        "codes": "magiccontainermaze,mcmaze"
      }
    ]
  },
  
  // Magic Container New Kasuto
  {
    "name": "Magic Container New Kasuto",
    "type": "progressive",
    "allow_disabled": false,
    "stages": [
      {
        "img": "images/itemlocations/magiccontainernewkasuto.png",
        "codes": "magiccontainernewkasuto,mcnewkasuto,magiccontainertown,mctown"
      },
      {
        "img": "images/itemlocations/magiccontainernewkasuto.png",
		"img_mods": "overlay|images/overlays/x.png",
        "codes": "magiccontainernewkasuto,mcnewkasuto,magiccontainertown,mctown"
      }
    ]
  },
  
  // Magic Key New Kasuto
  {
    "name": "Magic Key New Kasuto",
    "type": "progressive",
    "allow_disabled": false,
    "stages": [
      {
        "img": "images/itemlocations/magickeynewkasuto.png",
        "codes": "magickeynewkasuto,magickeytown,anykeynewkasuto,anykeytown"
      },
      {
        "img": "images/itemlocations/magickeynewkasuto.png",
		"img_mods": "overlay|images/overlays/x.png",
        "codes": "magickeynewkasuto,magickeytown,anykeynewkasuto,anykeytown"
      }
    ]
  },
  
  // Trophy Cave
  {
    "name": "Trophy Cave",
    "type": "progressive",
    "allow_disabled": false,
    "stages": [
      {
        "img": "images/itemlocations/trophycave.png",
        "codes": "trophycave,figurinecave,statuecave"
      },
      {
        "img": "images/itemlocations/trophycave.png",
		"img_mods": "overlay|images/overlays/x.png",
        "codes": "trophycave,figurinecave,statuecave"
      }
    ]
  },
  
  // Water of Life Cave
  {
    "name": "Water of Life Cave",
    "type": "progressive",
    "allow_disabled": false,
    "stages": [
      {
        "img": "images/itemlocations/wateroflifecave.png",
        "codes": "wateroflifecave,medicinecave"
      },
      {
        "img": "images/itemlocations/wateroflifecave.png",
		"img_mods": "overlay|images/overlays/x.png",
        "codes": "wateroflifecave,medicinecave"
      }
    ]
  },
  
  // West PBag Cave
  {
    "name": "West PBag Cave",
    "type": "progressive",
    "allow_disabled": false,
    "stages": [
      {
        "img": "images/itemlocations/westpbagcave.png",
        "codes": "westpbagcave"
      },
      {
        "img": "images/itemlocations/westpbagcave.png",
		"img_mods": "overlay|images/overlays/x.png",
        "codes": "westpbagcave"
      }
    ]
  },
  
  // Forest Tile
  {
    "name": "Forest Tile",
    "type": "progressive",
    "allow_disabled": false,
    "stages": [
      {
        "img": "images/itemlocations/foresttile.png",
        "codes": "foresttile"
      },
      {
        "img": "images/itemlocations/foresttile.png",
		"img_mods": "overlay|images/overlays/x.png",
        "codes": "foresttile"
      }
    ]
  },
  
  // Three Eye Rock
  {
    "name": "Three Eye Rock",
    "type": "progressive",
    "allow_disabled": false,
    "stages": [
      {
        "img": "images/itemlocations/threeeyerock.png",
        "codes": "threeeyerock"
      },
      {
        "img": "images/itemlocations/threeeyerock.png",
		"img_mods": "overlay|images/overlays/x.png",
        "codes": "threeeyerock"
      }
    ]
  },
  
  // The Letter W
  {
    "name": "The Letter W",
	"type": "static",
	"img": "images/directions/letterw.png",
	"codes": "staticw"
  },
  
  // The Letter E
  {
    "name": "The Letter E",
	"type": "static",
	"img": "images/directions/lettere.png",
	"codes": "statice"
  }
]