[
  // East PBag Cave
  {
    "name": "East PBag Cave",
    "type": "progressive",
    "allow_disabled": false,
    "stages": [
      {
        "img": "images/itemlocations/eastpbagcave.png",
        "codes": "eastpbagcave"
      },
      {
        "img": "images/itemlocations/eastpbagcave.png",
		"img_mods": "overlay|images/overlays/x.png",
        "codes": "eastpbagcave"
      }
    ]
  },
  
  // East PBag Cave 2
  {
    "name": "East PBag Cave 2",
    "type": "progressive",
    "allow_disabled": false,
    "stages": [
      {
        "img": "images/itemlocations/eastpbagcave2.png",
        "codes": "eastpbagcave2"
      },
      {
        "img": "images/itemlocations/eastpbagcave2.png",
		"img_mods": "overlay|images/overlays/x.png",
        "codes": "eastpbagcave2"
      }
    ]
  },

  // Hammer Cave
  {
    "name": "Hammer Cave",
    "type": "progressive",
    "allow_disabled": false,
    "stages": [
      {
        "img": "images/itemlocations/hammercave.png",
        "codes": "hammercave"
      },
      {
        "img": "images/itemlocations/hammercave.png",
		"img_mods": "overlay|images/overlays/x.png",
        "codes": "hammercave"
      }
    ]
  },
  
  // Heart Container Cave
  {
    "name": "Heart Container Cave",
    "type": "progressive",
    "allow_disabled": false,
    "stages": [
      {
        "img": "images/itemlocations/heartcontainercave.png",
        "codes": "heartcontainercave,hccave"
      },
      {
        "img": "images/itemlocations/heartcontainercave.png",
		"img_mods": "overlay|images/overlays/x.png",
        "codes": "heartcontainercave,hccave"
      }
    ]
  },
  
  // Heart Container Desert
  {
    "name": "Heart Container Desert",
    "type": "progressive",
    "allow_disabled": false,
    "stages": [
      {
        "img": "images/itemlocations/heartcontainerdesert.png",
        "codes": "heartcontainerdesert,hcdesert"
      },
      {
        "img": "images/itemlocations/heartcontainerdesert.png",
		"img_mods": "overlay|images/overlays/x.png",
        "codes": "heartcontainerdesert,hcdesert"
      }
    ]
  },
  
  // Heart Container Grass
  {
    "name": "Heart Container Grass",
    "type": "progressive",
    "allow_disabled": false,
    "stages": [
      {
        "img": "images/itemlocations/heartcontainergrass.png",
        "codes": "heartcontainergrass,hcgrass"
      },
      {
        "img": "images/itemlocations/heartcontainergrass.png",
		"img_mods": "overlay|images/overlays/x.png",
        "codes": "heartcontainergrass,hcgrass"
      }
    ]
  },
  
  // Heart Container Sea
  {
    "name": "Heart Container Sea",
    "type": "progressive",
    "allow_disabled": false,
    "stages": [
      {
        "img": "images/itemlocations/heartcontainersea.png",
        "codes": "heartcontainersea,hcsea"
      },
      {
        "img": "images/itemlocations/heartcontainersea.png",
		"img_mods": "overlay|images/overlays/x.png",
        "codes": "heartcontainersea,hcsea"
      }
    ]
  },
  
  // Kid Maze
  {
    "name": "Kid Maze",
    "type": "progressive",
    "allow_disabled": false,
    "stages": [
      {
        "img": "images/itemlocations/kidmaze.png",
        "codes": "kidmaze,childmaze"
      },
      {
        "img": "images/itemlocations/kidmaze.png",
		"img_mods": "overlay|images/overlays/x.png",
        "codes": "kidmaze,childmaze"
      }
    ]
  },
  
  // Magic Container Boulder
  {
    "name": "Magic Container Boulder",
    "type": "progressive",
    "allow_disabled": false,
    "stages": [
      {
        "img": "images/itemlocations/magiccontainerboulder.png",
        "codes": "magiccontainerboulder,mcboulder"
      },
      {
        "img": "images/itemlocations/magiccontainerboulder.png",
		"img_mods": "overlay|images/overlays/x.png",
        "codes": "magiccontainerboulder,mcboulder"
      }
    ]
  },
  
  // Magic Container Cave
  {
    "name": "Magic Container Cave",
    "type": "progressive",
    "allow_disabled": false,
    "stages": [
      {
        "img": "images/itemlocations/magiccontainercave.png",
        "codes": "magiccontainercave,mccave"
      },
      {
        "img": "images/itemlocations/magiccontainercave.png",
		"img_mods": "overlay|images/overlays/x.png",
        "codes": "magiccontainercave,mccave"
      }
    ]
  },
  
  // Magic Container Maze
  {
    "name": "Magic Container Maze",
    "type": "progressive",
    "allow_disabled": false,
    "stages": [
      {
        "img": "images/itemlocations/magiccontainermaze.png",
        "codes": "magiccontainermaze,mcmaze"
      },
      {
        "img": "images/itemlocations/magiccontainermaze.png",
		"img_mods": "overlay|images/overlays/x.png",
        "codes": "magiccontainermaze,mcmaze"
      }
    ]
  },
  
  // Magic Container New Kasuto
  {
    "name": "Magic Container New Kasuto",
    "type": "progressive",
    "allow_disabled": false,
    "stages": [
      {
        "img": "images/itemlocations/magiccontainernewkasuto.png",
        "codes": "magiccontainernewkasuto,mcnewkasuto,magiccontainertown,mctown"
      },
      {
        "img": "images/itemlocations/magiccontainernewkasuto.png",
		"img_mods": "overlay|images/overlays/x.png",
        "codes": "magiccontainernewkasuto,mcnewkasuto,magiccontainertown,mctown"
      }
    ]
  },
  
  // Magic Key New Kasuto
  {
    "name": "Magic Key New Kasuto",
    "type": "progressive",
    "allow_disabled": false,
    "stages": [
      {
        "img": "images/itemlocations/magickeynewkasuto.png",
        "codes": "magickeynewkasuto,magickeytown,anykeynewkasuto,anykeytown"
      },
      {
        "img": "images/itemlocations/magickeynewkasuto.png",
		"img_mods": "overlay|images/overlays/x.png",
        "codes": "magickeynewkasuto,magickeytown,anykeynewkasuto,anykeytown"
      }
    ]
  },
  
  // Trophy Cave
  {
    "name": "Trophy Cave",
    "type": "progressive",
    "allow_disabled": false,
    "stages": [
      {
        "img": "images/itemlocations/trophycave.png",
        "codes": "trophycave,figurinecave,statuecave"
      },
      {
        "img": "images/itemlocations/trophycave.png",
		"img_mods": "overlay|images/overlays/x.png",
        "codes": "trophycave,figurinecave,statuecave"
      }
    ]
  },
  
  // Water of Life Cave
  {
    "name": "Water of Life Cave",
    "type": "progressive",
    "allow_disabled": false,
    "stages": [
      {
        "img": "images/itemlocations/wateroflifecave.png",
        "codes": "wateroflifecave,medicinecave"
      },
      {
        "img": "images/itemlocations/wateroflifecave.png",
		"img_mods": "overlay|images/overlays/x.png",
        "codes": "wateroflifecave,medicinecave"
      }
    ]
  },
  
  // West PBag Cave
  {
    "name": "West PBag Cave",
    "type": "progressive",
    "allow_disabled": false,
    "stages": [
      {
        "img": "images/itemlocations/westpbagcave.png",
        "codes": "westpbagcave"
      },
      {
        "img": "images/itemlocations/westpbagcave.png",
		"img_mods": "overlay|images/overlays/x.png",
        "codes": "westpbagcave"
      }
    ]
  },
  
  // Palace 1
  {
    "name": "Palace 1",
    "type": "progressive_toggle",
    "stages": [
      {
		"img": "images/palaces/completepalace.png",
        "disabled_img": "images/palaces/pillar1.png",
		"disabled_img_mods": "",
        "codes": "palace1,parapapalace,desertpalace"
      },
      {
		"img": "images/palaces/completepalace.png",
        "disabled_img": "images/palaces/pillar1.png",
		"img_mods": "overlay|images/overlays/w.png",
		"disabled_img_mods": "overlay|images/overlays/w.png",
        "codes": "palace1,parapapalace,desertpalace"
      },
      {
        "img": "images/palaces/completepalace.png",
        "disabled_img": "images/palaces/pillar1.png",
		"img_mods": "overlay|images/overlays/e.png",
		"disabled_img_mods": "overlay|images/overlays/e.png",
        "codes": "palace1,parapapalace,desertpalace"
      },
      {
		"img": "images/palaces/completepalace.png",
        "disabled_img": "images/palaces/pillar1.png",
		"img_mods": "overlay|images/overlays/mi.png",
		"disabled_img_mods": "overlay|images/overlays/mi.png",
        "codes": "palace1,parapapalace,desertpalace"
      },
	  {
		"img": "images/palaces/completepalace.png",
        "disabled_img": "images/palaces/pillar1.png",
		"img_mods": "overlay|images/overlays/dv.png",
		"disabled_img_mods": "overlay|images/overlays/dv.png",
        "codes": "palace1,parapapalace,desertpalace"
      },
	  {
		"img": "images/palaces/completepalace.png",
        "disabled_img": "images/palaces/pillar1.png",
		"img_mods": "overlay|images/overlays/flute.png",
		"disabled_img_mods": "overlay|images/overlays/flute.png",
        "codes": "palace1,parapapalace,desertpalace"
      }
    ]
  },
  
  // Palace 1 Item
  {
    "name": "Palace 1 Item",
    "type": "progressive_toggle",
    "stages": [
      {
        "img": "images/palaces/palace1item.png",
		"img_mods": "overlay|images/overlays/x.png",
		"disabled_img": "images/palaces/palace1item.png",
		"disabled_img_mods": "",
        "codes": "palace1item,desertpalaceitem,parapapalaceitem"
      },
      {
        "img": "images/palaces/palace1item.png",
		"img_mods": "overlay|images/overlays/x.png",
		"disabled_img": "images/palaces/palace1item.png",
		"disabled_img_mods": "overlay|images/overlays/bag.png",
        "codes": "palace1item,desertpalaceitem,parapapalaceitem"
      }
    ]
  },
  
  // Horsehead
  {
    "name": "Horsehead",
    "type": "toggle",
    "img": "images/palaces/horsehead.png",
    "codes": "horsehead,boss1"
  },  

  // Palace 2
  {
    "name": "Palace 2",
    "type": "progressive_toggle",
	"loop": true,
    "allow_disabled": false,
    "stages": [
      {
		"img": "images/palaces/completepalace.png",
        "disabled_img": "images/palaces/pillar2.png",
		"disabled_img_mods": "",
        "codes": "palace2,midoripalace,swamppalace"
      },
      {
		"img": "images/palaces/completepalace.png",
        "disabled_img": "images/palaces/pillar2.png",
		"img_mods": "overlay|images/overlays/w.png",
		"disabled_img_mods": "overlay|images/overlays/w.png",
        "codes": "palace2,midoripalace,swamppalace"
      },
      {
		"img": "images/palaces/completepalace.png",
        "disabled_img": "images/palaces/pillar2.png",
		"img_mods": "overlay|images/overlays/e.png",
		"disabled_img_mods": "overlay|images/overlays/e.png",
        "codes": "palace2,midoripalace,swamppalace"
      },
      {
		"img": "images/palaces/completepalace.png",
        "disabled_img": "images/palaces/pillar2.png",
		"img_mods": "overlay|images/overlays/mi.png",
		"disabled_img_mods": "overlay|images/overlays/mi.png",
        "codes": "palace2,midoripalace,swamppalace"
      },
	  {
		"img": "images/palaces/completepalace.png",
        "disabled_img": "images/palaces/pillar2.png",
		"img_mods": "overlay|images/overlays/dv.png",
		"disabled_img_mods": "overlay|images/overlays/dv.png",
        "codes": "palace2,midoripalace,swamppalace"
      },
	  {
		"img": "images/palaces/completepalace.png",
        "disabled_img": "images/palaces/pillar2.png",
		"img_mods": "overlay|images/overlays/flute.png",
		"disabled_img_mods": "overlay|images/overlays/flute.png",
        "codes": "palace3,islandpalace"
      }
    ]
  },
  
  // Palace 2 Item
  {
    "name": "Palace 2 Item",
    "type": "progressive_toggle",
    "stages": [
      {
        "img": "images/palaces/palace2item.png",
		"img_mods": "overlay|images/overlays/x.png",
		"disabled_img": "images/palaces/palace2item.png",
		"disabled_img_mods": "",
        "codes": "palace2item,swamppalaceitem,midoripalaceitem"
      },
      {
        "img": "images/palaces/palace2item.png",
		"img_mods": "overlay|images/overlays/x.png",
		"disabled_img": "images/palaces/palace2item.png",
		"disabled_img_mods": "overlay|images/overlays/bag.png",
        "codes": "palace2item,swamppalaceitem,midoripalaceitem"
      }
    ]
  },
  
  // Helmethead
  {
    "name": "Helmethead",
    "type": "toggle",
    "img": "images/palaces/helmethead.png",
    "codes": "helmethead,boss2"
  },

  // Palace 3
  {
    "name": "Palace 3",
    "type": "progressive_toggle",
	"loop": true,
    "allow_disabled": false,
    "stages": [
      {
		"img": "images/palaces/completepalace.png",
        "disabled_img": "images/palaces/pillar3.png",
		"disabled_img_mods": "",
        "codes": "palace3,islandpalace"
      },
      {
		"img": "images/palaces/completepalace.png",
        "disabled_img": "images/palaces/pillar3.png",
		"img_mods": "overlay|images/overlays/w.png",
		"disabled_img_mods": "overlay|images/overlays/w.png",
        "codes": "palace3,islandpalace"
      },
      {
		"img": "images/palaces/completepalace.png",
        "disabled_img": "images/palaces/pillar3.png",
		"img_mods": "overlay|images/overlays/e.png",
		"disabled_img_mods": "overlay|images/overlays/e.png",
        "codes": "palace3,islandpalace"
      },
      {
		"img": "images/palaces/completepalace.png",
        "disabled_img": "images/palaces/pillar3.png",
		"img_mods": "overlay|images/overlays/mi.png",
		"disabled_img_mods": "overlay|images/overlays/mi.png",
        "codes": "palace3,islandpalace"
      },
	  {
		"img": "images/palaces/completepalace.png",
        "disabled_img": "images/palaces/pillar3.png",
		"img_mods": "overlay|images/overlays/dv.png",
		"disabled_img_mods": "overlay|images/overlays/dv.png",
        "codes": "palace3,islandpalace"
      },
	  {
		"img": "images/palaces/completepalace.png",
        "disabled_img": "images/palaces/pillar3.png",
		"img_mods": "overlay|images/overlays/flute.png",
		"disabled_img_mods": "overlay|images/overlays/flute.png",
        "codes": "palace3,islandpalace"
      }
    ]
  },
  
  // Palace 3 Item
  {
    "name": "Palace 3 Item",
    "type": "progressive_toggle",
    "stages": [
      {
        "img": "images/palaces/palace3item.png",
		"img_mods": "overlay|images/overlays/x.png",
		"disabled_img": "images/palaces/palace3item.png",
		"disabled_img_mods": "",
        "codes": "palace3item,islandpalaceitem"
      },
      {
        "img": "images/palaces/palace3item.png",
		"img_mods": "overlay|images/overlays/x.png",
		"disabled_img": "images/palaces/palace3item.png",
		"disabled_img_mods": "overlay|images/overlays/bag.png",
        "codes": "palace3item,islandpalaceitem"
      }
    ]
  },
  
  // Rebonack
  {
    "name": "Rebonack",
    "type": "toggle",
    "img": "images/palaces/rebonack.png",
    "codes": "rebonack,boss3"
  },
  
  // Palace 4
  {
    "name": "Palace 4",
    "type": "progressive_toggle",
	"loop": true,
    "allow_disabled": false,
    "stages": [
      {
		"img": "images/palaces/completepalace.png",
        "disabled_img": "images/palaces/pillar4.png",
		"disabled_img_mods": "",
        "codes": "palace4,mazepalace"
      },
      {
		"img": "images/palaces/completepalace.png",
        "disabled_img": "images/palaces/pillar4.png",
		"img_mods": "overlay|images/overlays/w.png",
		"disabled_img_mods": "overlay|images/overlays/w.png",
        "codes": "palace4,mazepalace"
      },
      {
		"img": "images/palaces/completepalace.png",
        "disabled_img": "images/palaces/pillar4.png",
		"img_mods": "overlay|images/overlays/e.png",
		"disabled_img_mods": "overlay|images/overlays/e.png",
        "codes": "palace4,mazepalace"
      },
      {
		"img": "images/palaces/completepalace.png",
        "disabled_img": "images/palaces/pillar4.png",
		"img_mods": "overlay|images/overlays/mi.png",
		"disabled_img_mods": "overlay|images/overlays/mi.png",
        "codes": "palace4,mazepalace"
      },
	  {
		"img": "images/palaces/completepalace.png",
        "disabled_img": "images/palaces/pillar4.png",
		"img_mods": "overlay|images/overlays/dv.png",
		"disabled_img_mods": "overlay|images/overlays/dv.png",
        "codes": "palace4,mazepalace"
      },
	  {
		"img": "images/palaces/completepalace.png",
        "disabled_img": "images/palaces/pillar4.png",
		"img_mods": "overlay|images/overlays/flute.png",
		"disabled_img_mods": "overlay|images/overlays/flute.png",
        "codes": "palace4,mazepalace"
      }
    ]
  },
  
  // Palace 4 Item
  {
    "name": "Palace 4 Item",
    "type": "progressive_toggle",
    "stages": [
      {
        "img": "images/palaces/palace4item.png",
		"img_mods": "overlay|images/overlays/x.png",
		"disabled_img": "images/palaces/palace4item.png",
		"disabled_img_mods": "",
        "codes": "palace4item,mazepalaceitem"
      },
      {
        "img": "images/palaces/palace4item.png",
		"img_mods": "overlay|images/overlays/x.png",
		"disabled_img": "images/palaces/palace4item.png",
		"disabled_img_mods": "overlay|images/overlays/bag.png",
        "codes": "palace4item,mazepalaceitem"
      }
    ]
  },
  
  // Karock
  {
    "name": "Karock",
    "type": "toggle",
    "img": "images/palaces/karock.png",
    "codes": "karock,boss4"
  },

  // Palace 5
  {
    "name": "Palace 5",
    "type": "progressive_toggle",
	"loop": true,
    "allow_disabled": false,
    "stages": [
      {
		"img": "images/palaces/completepalace.png",
        "disabled_img": "images/palaces/pillar5.png",
		"disabled_img_mods": "",
        "codes": "palace5,oceanpalace,seapalace"
      },
      {
		"img": "images/palaces/completepalace.png",
        "disabled_img": "images/palaces/pillar5.png",
		"img_mods": "overlay|images/overlays/w.png",
		"disabled_img_mods": "overlay|images/overlays/w.png",
        "codes": "palace5,oceanpalace,seapalace"
      },
      {
		"img": "images/palaces/completepalace.png",
        "disabled_img": "images/palaces/pillar5.png",
		"img_mods": "overlay|images/overlays/e.png",
		"disabled_img_mods": "overlay|images/overlays/e.png",
        "codes": "palace5,oceanpalace,seapalace"
      },
      {
		"img": "images/palaces/completepalace.png",
        "disabled_img": "images/palaces/pillar5.png",
		"img_mods": "overlay|images/overlays/mi.png",
		"disabled_img_mods": "overlay|images/overlays/mi.png",
        "codes": "palace5,oceanpalace,seapalace"
      },
	  {
		"img": "images/palaces/completepalace.png",
        "disabled_img": "images/palaces/pillar5.png",
		"img_mods": "overlay|images/overlays/dv.png",
		"disabled_img_mods": "overlay|images/overlays/dv.png",
        "codes": "palace5,oceanpalace,seapalace"
      },
	  {
		"img": "images/palaces/completepalace.png",
        "disabled_img": "images/palaces/pillar5.png",
		"img_mods": "overlay|images/overlays/flute.png",
		"disabled_img_mods": "overlay|images/overlays/flute.png",
        "codes": "palace5,oceanpalace,seapalace"
      }
    ]
  },
  
  // Palace 5 Item
  {
    "name": "Palace 5 Item",
    "type": "progressive_toggle",
    "stages": [
      {
        "img": "images/palaces/palace5item.png",
		"img_mods": "overlay|images/overlays/x.png",
		"disabled_img": "images/palaces/palace5item.png",
		"disabled_img_mods": "",
        "codes": "palace5item,oceanpalaceitem,seapalaceitem"
      },
      {
        "img": "images/palaces/palace5item.png",
		"img_mods": "overlay|images/overlays/x.png",
		"disabled_img": "images/palaces/palace5item.png",
		"disabled_img_mods": "overlay|images/overlays/bag.png",
        "codes": "palace5item,oceanpalaceitem,seapalaceitem"
      }
    ]
  },
  
  // Gooma
  {
    "name": "Gooma",
    "type": "toggle",
    "img": "images/palaces/gooma.png",
    "codes": "gooma,boss5"
  },

  // Palace 6
  {
    "name": "Palace 6",
    "type": "progressive_toggle",
	"loop": true,
    "allow_disabled": false,
    "stages": [
      {
		"img": "images/palaces/completepalace.png",
        "disabled_img": "images/palaces/pillar6.png",
		"disabled_img_mods": "",
        "codes": "palace6,hiddenpalace"
      },
      {
		"img": "images/palaces/completepalace.png",
        "disabled_img": "images/palaces/pillar6.png",
		"img_mods": "overlay|images/overlays/w.png",
		"disabled_img_mods": "overlay|images/overlays/w.png",
        "codes": "palace6,hiddenpalace"
      },
      {
		"img": "images/palaces/completepalace.png",
        "disabled_img": "images/palaces/pillar6.png",
		"img_mods": "overlay|images/overlays/e.png",
		"disabled_img_mods": "overlay|images/overlays/e.png",
        "codes": "palace6,hiddenpalace"
      },
      {
		"img": "images/palaces/completepalace.png",
        "disabled_img": "images/palaces/pillar6.png",
		"img_mods": "overlay|images/overlays/mi.png",
		"disabled_img_mods": "overlay|images/overlays/mi.png",
        "codes": "palace6,hiddenpalace"
      },
	  {
		"img": "images/palaces/completepalace.png",
        "disabled_img": "images/palaces/pillar6.png",
		"img_mods": "overlay|images/overlays/dv.png",
		"disabled_img_mods": "overlay|images/overlays/dv.png",
        "codes": "palace6,hiddenpalace"
      },
	  {
		"img": "images/palaces/completepalace.png",
        "disabled_img": "images/palaces/pillar6.png",
		"img_mods": "overlay|images/overlays/flute.png",
		"disabled_img_mods": "overlay|images/overlays/flute.png",
        "codes": "palace6,hiddenpalace"
      }
    ]
  },
  
  // Palace 6 Item
  {
    "name": "Palace 6 Item",
    "type": "progressive_toggle",
    "stages": [
      {
        "img": "images/palaces/palace6item.png",
		"img_mods": "overlay|images/overlays/x.png",
		"disabled_img": "images/palaces/palace6item.png",
		"disabled_img_mods": "",
        "codes": "palace6item,hiddenpalaceitem"
      },
      {
        "img": "images/palaces/palace6item.png",
		"img_mods": "overlay|images/overlays/x.png",
		"disabled_img": "images/palaces/palace6item.png",
		"disabled_img_mods": "overlay|images/overlays/bag.png",
        "codes": "palace6item,hiddenpalaceitem"
      }
    ]
  },
  
  // Barba
  {
    "name": "Barba",
    "type": "toggle",
    "img": "images/palaces/barba.png",
    "codes": "barba,boss6"
  },
  
  // Great Palace
  {
    "name": "Great Palace",
    "type": "progressive_toggle",
	"loop": true,
    "allow_disabled": false,
    "stages": [
      {
		"img": "images/palaces/completepalace.png",
        "disabled_img": "images/palaces/pillar7.png",
		"disabled_img_mods": "",
        "codes": "greatpalace,palace7"
      },
      {
		"img": "images/palaces/completepalace.png",
        "disabled_img": "images/palaces/pillar7.png",
		"img_mods": "overlay|images/overlays/w.png",
		"disabled_img_mods": "overlay|images/overlays/w.png",
        "codes": "greatpalace,palace7"
      },
      {
		"img": "images/palaces/completepalace.png",
        "disabled_img": "images/palaces/pillar7.png",
		"img_mods": "overlay|images/overlays/e.png",
		"disabled_img_mods": "overlay|images/overlays/e.png",
        "codes": "greatpalace,palace7"
      },
      {
		"img": "images/palaces/completepalace.png",
        "disabled_img": "images/palaces/pillar7.png",
		"img_mods": "overlay|images/overlays/mi.png",
		"disabled_img_mods": "overlay|images/overlays/mi.png",
        "codes": "greatpalace,palace7"
      },
	  {
		"img": "images/palaces/completepalace.png",
        "disabled_img": "images/palaces/pillar7.png",
		"img_mods": "overlay|images/overlays/dv.png",
		"disabled_img_mods": "overlay|images/overlays/dv.png",
        "codes": "greatpalace,palace7"
      },
	  {
		"img": "images/palaces/completepalace.png",
        "disabled_img": "images/palaces/pillar7.png",
		"img_mods": "overlay|images/overlays/flute.png",
		"disabled_img_mods": "overlay|images/overlays/flute.png",
        "codes": "greatpalace,palace7"
      }
    ]
  },
  
  // Thunderbird
  {
    "name": "Thunderbird",
    "type": "toggle",
    "img": "images/palaces/thunderbird.png",
    "codes": "thunderbird,boss7"
  },
  
  // The Letter W
  {
    "name": "The Letter W",
	"type": "static",
	"img": "images/directions/letterw.png",
	"codes": "staticw"
  },
  
  // The Letter E
  {
    "name": "The Letter E",
	"type": "static",
	"img": "images/directions/lettere.png",
	"codes": "statice"
  },
  
  // West Hyrule
  {
	"name": "West Hyrule",
	"type": "progressive_toggle",
	"allow_disabled": "false",
	"stages": [
		{
			"img": "images/directions/letterw.png",
			"disabled_img": "images/directions/letterw.png",
			"disabled_img_mods": "",
			"codes": "westhyrule"
		},
		{
			"img": "images/directions/letterwhint.png",
			"disabled_img": "images/directions/letterwhint.png",
			"disabled_img_mods": "",
			"codes": "westhyrule"
		}
	]
  },
  
  // East Hyrule
  {
	"name": "East Hyrule",
	"type": "progressive_toggle",
	"stages": [
		{
			"img": "images/directions/lettere.png",
			"disabled_img": "images/directions/lettere.png",
			"disabled_img_mods": "",
			"codes": "easthyrule"
		},
		{
			"img": "images/directions/letterehint.png",
			"disabled_img": "images/directions/letterehint.png",
			"disabled_img_mods": "",
			"codes": "easthyrule"
		}
	]
  },
  
  // Death Mountain
  {
	"name": "Death Mountain",
	"type": "progressive_toggle",
	"stages": [
		{
			"img": "images/directions/dm.png",
			"disabled_img": "images/directions/dm.png",
			"disabled_img_mods": "",
			"codes": "deathmountain"
		},
		{
			"img": "images/directions/dmhint.png",
			"disabled_img": "images/directions/dmhint.png",
			"disabled_img_mods": "",
			"codes": "deathmountain"
		}
	]
  },
  
  // Maze Island
  {
	"name": "Maze Island",
	"type": "progressive_toggle",
	"stages": [
		{
			"img": "images/directions/mi.png",
			"disabled_img": "images/directions/mi.png",
			"disabled_img_mods": "",
			"codes": "mazeisland"
		},
		{
			"img": "images/directions/mihint.png",
			"disabled_img": "images/directions/mihint.png",
			"disabled_img_mods": "",
			"codes": "mazeisland"
		}
	]
  },
]