[
  // Palace 1
  {
    "name": "Palace 1",
    "type": "progressive_toggle",
    "stages": [
      {
		"img": "images/palaces/completepalace.png",
        "disabled_img": "images/palaces/pillar1.png",
		"disabled_img_mods": "",
        "codes": "palace1,parapapalace,desertpalace"
      },
      {
		"img": "images/palaces/completepalace.png",
        "disabled_img": "images/palaces/pillar1.png",
		"img_mods": "overlay|images/overlays/w.png",
		"disabled_img_mods": "overlay|images/overlays/w.png",
        "codes": "palace1,parapapalace,desertpalace",
		"secondary_codes": "w,west"
      },
      {
        "img": "images/palaces/completepalace.png",
        "disabled_img": "images/palaces/pillar1.png",
		"img_mods": "overlay|images/overlays/e.png",
		"disabled_img_mods": "overlay|images/overlays/e.png",
        "codes": "palace1,parapapalace,desertpalace",
		"secondary_codes": "e,east"
      },
      {
		"img": "images/palaces/completepalace.png",
        "disabled_img": "images/palaces/pillar1.png",
		"img_mods": "overlay|images/overlays/mi.png",
		"disabled_img_mods": "overlay|images/overlays/mi.png",
        "codes": "palace1,parapapalace,desertpalace",
		"secondary_codes": "mi,mazeisland"
      },
	  {
		"img": "images/palaces/completepalace.png",
        "disabled_img": "images/palaces/pillar1.png",
		"img_mods": "overlay|images/overlays/dv.png",
		"disabled_img_mods": "overlay|images/overlays/dv.png",
        "codes": "palace1,parapapalace,desertpalace",
		"secondary_codes": "dv,deathvalley"
      }
    ]
  },
  
  // Palace 1 Item
  {
    "name": "Palace 1 Item",
    "type": "progressive_toggle",
    "stages": [
      {
        "img": "images/palaces/palace1item.png",
		"img_mods": "overlay|images/overlays/x.png",
		"disabled_img": "images/palaces/palace1item.png",
		"disabled_img_mods": "",
        "codes": "palace1item,desertpalaceitem,parapapalaceitem"
      },
      {
        "img": "images/palaces/palace1item.png",
		"img_mods": "overlay|images/overlays/x.png",
		"disabled_img": "images/palaces/palace1item.png",
		"disabled_img_mods": "overlay|images/overlays/bag.png",
        "codes": "palace1item,desertpalaceitem,parapapalaceitem"
      }
    ]
  },
  
  // Horsehead
  {
    "name": "Horsehead",
    "type": "toggle",
    "img": "images/palaces/horsehead.png",
    "codes": "horsehead,boss1"
  },  

  // Palace 2
  {
    "name": "Palace 2",
    "type": "progressive_toggle",
	"loop": true,
    "allow_disabled": false,
    "stages": [
      {
		"img": "images/palaces/completepalace.png",
        "disabled_img": "images/palaces/pillar2.png",
		"disabled_img_mods": "",
        "codes": "palace2,midoripalace,swamppalace"
      },
      {
		"img": "images/palaces/completepalace.png",
        "disabled_img": "images/palaces/pillar2.png",
		"img_mods": "overlay|images/overlays/w.png",
		"disabled_img_mods": "overlay|images/overlays/w.png",
        "codes": "palace2,midoripalace,swamppalace",
		"secondary_codes": "w,west"
      },
      {
		"img": "images/palaces/completepalace.png",
        "disabled_img": "images/palaces/pillar2.png",
		"img_mods": "overlay|images/overlays/e.png",
		"disabled_img_mods": "overlay|images/overlays/e.png",
        "codes": "palace2,midoripalace,swamppalace",
		"secondary_codes": "e,east"
      },
      {
		"img": "images/palaces/completepalace.png",
        "disabled_img": "images/palaces/pillar2.png",
		"img_mods": "overlay|images/overlays/mi.png",
		"disabled_img_mods": "overlay|images/overlays/mi.png",
        "codes": "palace2,midoripalace,swamppalace",
		"secondary_codes": "mi,mazeisland"
      },
	  {
		"img": "images/palaces/completepalace.png",
        "disabled_img": "images/palaces/pillar2.png",
		"img_mods": "overlay|images/overlays/dv.png",
		"disabled_img_mods": "overlay|images/overlays/dv.png",
        "codes": "palace2,midoripalace,swamppalace",
		"secondary_codes": "dv,deathvalley"
      }
    ]
  },
  
  // Palace 2 Item
  {
    "name": "Palace 2 Item",
    "type": "progressive_toggle",
    "stages": [
      {
        "img": "images/palaces/palace2item.png",
		"img_mods": "overlay|images/overlays/x.png",
		"disabled_img": "images/palaces/palace2item.png",
		"disabled_img_mods": "",
        "codes": "palace2item,swamppalaceitem,midoripalaceitem"
      },
      {
        "img": "images/palaces/palace2item.png",
		"img_mods": "overlay|images/overlays/x.png",
		"disabled_img": "images/palaces/palace2item.png",
		"disabled_img_mods": "overlay|images/overlays/bag.png",
        "codes": "palace2item,swamppalaceitem,midoripalaceitem"
      }
    ]
  },
  
  // Helmethead
  {
    "name": "Helmethead",
    "type": "toggle",
    "img": "images/palaces/helmethead.png",
    "codes": "helmethead,boss2"
  },

  // Palace 3
  {
    "name": "Palace 3",
    "type": "progressive_toggle",
	"loop": true,
    "allow_disabled": false,
    "stages": [
      {
		"img": "images/palaces/completepalace.png",
        "disabled_img": "images/palaces/pillar3.png",
		"disabled_img_mods": "",
        "codes": "palace3,islandpalace"
      },
      {
		"img": "images/palaces/completepalace.png",
        "disabled_img": "images/palaces/pillar3.png",
		"img_mods": "overlay|images/overlays/w.png",
		"disabled_img_mods": "overlay|images/overlays/w.png",
        "codes": "palace3,islandpalace",
		"secondary_codes": "w,west"
      },
      {
		"img": "images/palaces/completepalace.png",
        "disabled_img": "images/palaces/pillar3.png",
		"img_mods": "overlay|images/overlays/e.png",
		"disabled_img_mods": "overlay|images/overlays/e.png",
        "codes": "palace3,islandpalace",
		"secondary_codes": "e,east"
      },
      {
		"img": "images/palaces/completepalace.png",
        "disabled_img": "images/palaces/pillar3.png",
		"img_mods": "overlay|images/overlays/mi.png",
		"disabled_img_mods": "overlay|images/overlays/mi.png",
        "codes": "palace3,islandpalace",
		"secondary_codes": "mi,mazeisland"
      },
	  {
		"img": "images/palaces/completepalace.png",
        "disabled_img": "images/palaces/pillar3.png",
		"img_mods": "overlay|images/overlays/dv.png",
		"disabled_img_mods": "overlay|images/overlays/dv.png",
        "codes": "palace3,islandpalace",
		"secondary_codes": "dv,deathvalley"
      }
    ]
  },
  
  // Palace 3 Item
  {
    "name": "Palace 3 Item",
    "type": "progressive_toggle",
    "stages": [
      {
        "img": "images/palaces/palace3item.png",
		"img_mods": "overlay|images/overlays/x.png",
		"disabled_img": "images/palaces/palace3item.png",
		"disabled_img_mods": "",
        "codes": "palace3item,islandpalaceitem"
      },
      {
        "img": "images/palaces/palace3item.png",
		"img_mods": "overlay|images/overlays/x.png",
		"disabled_img": "images/palaces/palace3item.png",
		"disabled_img_mods": "overlay|images/overlays/bag.png",
        "codes": "palace3item,islandpalaceitem"
      }
    ]
  },
  
  // Rebonack
  {
    "name": "Rebonack",
    "type": "toggle",
    "img": "images/palaces/rebonack.png",
    "codes": "rebonack,boss3"
  },
  
  // Palace 4
  {
    "name": "Palace 4",
    "type": "progressive_toggle",
	"loop": true,
    "allow_disabled": false,
    "stages": [
      {
		"img": "images/palaces/completepalace.png",
        "disabled_img": "images/palaces/pillar4.png",
		"disabled_img_mods": "",
        "codes": "palace4,mazepalace"
      },
      {
		"img": "images/palaces/completepalace.png",
        "disabled_img": "images/palaces/pillar4.png",
		"img_mods": "overlay|images/overlays/w.png",
		"disabled_img_mods": "overlay|images/overlays/w.png",
        "codes": "palace4,mazepalace",
		"secondary_codes": "w,west"
      },
      {
		"img": "images/palaces/completepalace.png",
        "disabled_img": "images/palaces/pillar4.png",
		"img_mods": "overlay|images/overlays/e.png",
		"disabled_img_mods": "overlay|images/overlays/e.png",
        "codes": "palace4,mazepalace",
		"secondary_codes": "e,east"
      },
      {
		"img": "images/palaces/completepalace.png",
        "disabled_img": "images/palaces/pillar4.png",
		"img_mods": "overlay|images/overlays/mi.png",
		"disabled_img_mods": "overlay|images/overlays/mi.png",
        "codes": "palace4,mazepalace",
		"secondary_codes": "mi,mazeisland"
      },
	  {
		"img": "images/palaces/completepalace.png",
        "disabled_img": "images/palaces/pillar4.png",
		"img_mods": "overlay|images/overlays/dv.png",
		"disabled_img_mods": "overlay|images/overlays/dv.png",
        "codes": "palace4,mazepalace",
		"secondary_codes": "dv,deathvalley"
      }
    ]
  },
  
  // Palace 4 Item
  {
    "name": "Palace 4 Item",
    "type": "progressive_toggle",
    "stages": [
      {
        "img": "images/palaces/palace4item.png",
		"img_mods": "overlay|images/overlays/x.png",
		"disabled_img": "images/palaces/palace4item.png",
		"disabled_img_mods": "",
        "codes": "palace4item,mazepalaceitem"
      },
      {
        "img": "images/palaces/palace4item.png",
		"img_mods": "overlay|images/overlays/x.png",
		"disabled_img": "images/palaces/palace4item.png",
		"disabled_img_mods": "overlay|images/overlays/bag.png",
        "codes": "palace4item,mazepalaceitem"
      }
    ]
  },
  
  // Karock
  {
    "name": "Karock",
    "type": "toggle",
    "img": "images/palaces/karock.png",
    "codes": "karock,boss4"
  },

  // Palace 5
  {
    "name": "Palace 5",
    "type": "progressive_toggle",
	"loop": true,
    "allow_disabled": false,
    "stages": [
      {
		"img": "images/palaces/completepalace.png",
        "disabled_img": "images/palaces/pillar5.png",
		"disabled_img_mods": "",
        "codes": "palace5,oceanpalace,seapalace"
      },
      {
		"img": "images/palaces/completepalace.png",
        "disabled_img": "images/palaces/pillar5.png",
		"img_mods": "overlay|images/overlays/w.png",
		"disabled_img_mods": "overlay|images/overlays/w.png",
        "codes": "palace5,oceanpalace,seapalace",
		"secondary_codes": "w,west"
      },
      {
		"img": "images/palaces/completepalace.png",
        "disabled_img": "images/palaces/pillar5.png",
		"img_mods": "overlay|images/overlays/e.png",
		"disabled_img_mods": "overlay|images/overlays/e.png",
        "codes": "palace5,oceanpalace,seapalace",
		"secondary_codes": "e,east"
      },
      {
		"img": "images/palaces/completepalace.png",
        "disabled_img": "images/palaces/pillar5.png",
		"img_mods": "overlay|images/overlays/mi.png",
		"disabled_img_mods": "overlay|images/overlays/mi.png",
        "codes": "palace5,oceanpalace,seapalace",
		"secondary_codes": "mi,mazeisland"
      },
	  {
		"img": "images/palaces/completepalace.png",
        "disabled_img": "images/palaces/pillar5.png",
		"img_mods": "overlay|images/overlays/dv.png",
		"disabled_img_mods": "overlay|images/overlays/dv.png",
        "codes": "palace5,oceanpalace,seapalace",
		"secondary_codes": "dv,deathvalley"
      }
    ]
  },
  
  // Palace 5 Item
  {
    "name": "Palace 5 Item",
    "type": "progressive_toggle",
    "stages": [
      {
        "img": "images/palaces/palace5item.png",
		"img_mods": "overlay|images/overlays/x.png",
		"disabled_img": "images/palaces/palace5item.png",
		"disabled_img_mods": "",
        "codes": "palace5item,oceanpalaceitem,seapalaceitem"
      },
      {
        "img": "images/palaces/palace5item.png",
		"img_mods": "overlay|images/overlays/x.png",
		"disabled_img": "images/palaces/palace5item.png",
		"disabled_img_mods": "overlay|images/overlays/bag.png",
        "codes": "palace5item,oceanpalaceitem,seapalaceitem"
      }
    ]
  },
  
  // Gooma
  {
    "name": "Gooma",
    "type": "toggle",
    "img": "images/palaces/gooma.png",
    "codes": "gooma,boss5"
  },

  // Palace 6
  {
    "name": "Palace 6",
    "type": "progressive_toggle",
	"loop": true,
    "allow_disabled": false,
    "stages": [
      {
		"img": "images/palaces/completepalace.png",
        "disabled_img": "images/palaces/pillar6.png",
		"disabled_img_mods": "",
        "codes": "palace6,hiddenpalace"
      },
      {
		"img": "images/palaces/completepalace.png",
        "disabled_img": "images/palaces/pillar6.png",
		"img_mods": "overlay|images/overlays/w.png",
		"disabled_img_mods": "overlay|images/overlays/w.png",
        "codes": "palace6,hiddenpalace",
		"secondary_codes": "w,west"
      },
      {
		"img": "images/palaces/completepalace.png",
        "disabled_img": "images/palaces/pillar6.png",
		"img_mods": "overlay|images/overlays/e.png",
		"disabled_img_mods": "overlay|images/overlays/e.png",
        "codes": "palace6,hiddenpalace",
		"secondary_codes": "e,east"
      },
      {
		"img": "images/palaces/completepalace.png",
        "disabled_img": "images/palaces/pillar6.png",
		"img_mods": "overlay|images/overlays/mi.png",
		"disabled_img_mods": "overlay|images/overlays/mi.png",
        "codes": "palace6,hiddenpalace",
		"secondary_codes": "mi,mazeisland"
      },
	  {
		"img": "images/palaces/completepalace.png",
        "disabled_img": "images/palaces/pillar6.png",
		"img_mods": "overlay|images/overlays/dv.png",
		"disabled_img_mods": "overlay|images/overlays/dv.png",
        "codes": "palace6,hiddenpalace",
		"secondary_codes": "dv,deathvalley"
      }
    ]
  },
  
  // Palace 6 Item
  {
    "name": "Palace 6 Item",
    "type": "progressive_toggle",
    "stages": [
      {
        "img": "images/palaces/palace6item.png",
		"img_mods": "overlay|images/overlays/x.png",
		"disabled_img": "images/palaces/palace6item.png",
		"disabled_img_mods": "",
        "codes": "palace6item,hiddenpalaceitem"
      },
      {
        "img": "images/palaces/palace6item.png",
		"img_mods": "overlay|images/overlays/x.png",
		"disabled_img": "images/palaces/palace6item.png",
		"disabled_img_mods": "overlay|images/overlays/bag.png",
        "codes": "palace6item,hiddenpalaceitem"
      }
    ]
  },
  
  // Barba
  {
    "name": "Barba",
    "type": "toggle",
    "img": "images/palaces/barba.png",
    "codes": "barba,boss6"
  },
  
  // Great Palace
  {
    "name": "Great Palace",
    "type": "progressive_toggle",
	"loop": true,
    "allow_disabled": false,
    "stages": [
      {
		"img": "images/palaces/completepalace.png",
        "disabled_img": "images/palaces/pillar7.png",
		"disabled_img_mods": "",
        "codes": "greatpalace,palace7"
      },
      {
		"img": "images/palaces/completepalace.png",
        "disabled_img": "images/palaces/pillar7.png",
		"img_mods": "overlay|images/overlays/w.png",
		"disabled_img_mods": "overlay|images/overlays/w.png",
        "codes": "greatpalace,palace7",
		"secondary_codes": "w,west"
      },
      {
		"img": "images/palaces/completepalace.png",
        "disabled_img": "images/palaces/pillar7.png",
		"img_mods": "overlay|images/overlays/e.png",
		"disabled_img_mods": "overlay|images/overlays/e.png",
        "codes": "greatpalace,palace7",
		"secondary_codes": "e,east"
      },
      {
		"img": "images/palaces/completepalace.png",
        "disabled_img": "images/palaces/pillar7.png",
		"img_mods": "overlay|images/overlays/mi.png",
		"disabled_img_mods": "overlay|images/overlays/mi.png",
        "codes": "greatpalace,palace7",
		"secondary_codes": "mi,mazeisland"
      },
	  {
		"img": "images/palaces/completepalace.png",
        "disabled_img": "images/palaces/pillar7.png",
		"img_mods": "overlay|images/overlays/dv.png",
		"disabled_img_mods": "overlay|images/overlays/dv.png",
        "codes": "greatpalace,palace7",
		"secondary_codes": "dv,deathvalley"
      }
    ]
  },
  
  // Thunderbird
  {
    "name": "Thunderbird",
    "type": "toggle",
    "img": "images/palaces/thunderbird.png",
    "codes": "thunderbird,boss7"
  }
]