[
  // Rauru
  {
    "name": "Rauru",
    "type": "progressive",
	"loop": true,
    "allow_disabled": false,
    "stages": [
      {
        "img": "images/towns/rauru.png",
        "codes": "rauru,town1"
      },
      {
        "img": "images/spells/shield.png",
        "codes": "rauru,town1",
		"secondary_codes": "shield"
      },
      {
        "img": "images/spells/jump.png",
        "codes": "rauru,town1",
		"secondary_codes": "jump"
      },
      {
        "img": "images/spells/life.png",
        "codes": "rauru,town1",
		"secondary_codes": "life"
      },
	  {
        "img": "images/spells/fairy.png",
        "codes": "rauru,town1",
		"secondary_codes": "fairy"
      },
	  {
        "img": "images/spells/dash.png",
        "codes": "rauru,town1",
		"secondary_codes": "dash"
      },
	  {
        "img": "images/spells/fire.png",
        "codes": "rauru,town1",
		"secondary_codes": "fire"
      },
	  {
        "img": "images/spells/reflect.png",
        "codes": "rauru,town1",
		"secondary_codes": "reflect"
      },
	  {
        "img": "images/spells/spell.png",
        "codes": "rauru,town1",
		"secondary_codes": "spell"
      },
	  {
        "img": "images/spells/thunder.png",
        "codes": "rauru,town1",
		"secondary_codes": "thunder"
      }
    ]
  },
  
  // Ruto
  {
    "name": "Ruto",
    "type": "progressive",
	"loop": true,
    "allow_disabled": false,
    "stages": [
      {
        "img": "images/towns/ruto.png",
        "codes": "ruto,town2"
      },
      {
        "img": "images/spells/shield.png",
        "codes": "ruto,town2",
		"secondary_codes": "shield"
      },
      {
        "img": "images/spells/jump.png",
        "codes": "ruto,town2",
		"secondary_codes": "jump"
      },
      {
        "img": "images/spells/life.png",
        "codes": "ruto,town2",
		"secondary_codes": "life"
      },
	  {
        "img": "images/spells/fairy.png",
        "codes": "ruto,town2",
		"secondary_codes": "fairy"
      },
	  {
        "img": "images/spells/dash.png",
        "codes": "ruto,town2",
		"secondary_codes": "dash"
      },
	  {
        "img": "images/spells/fire.png",
        "codes": "ruto,town2",
		"secondary_codes": "fire"
      },
	  {
        "img": "images/spells/reflect.png",
        "codes": "ruto,town2",
		"secondary_codes": "reflect"
      },
	  {
        "img": "images/spells/spell.png",
        "codes": "ruto,town2",
		"secondary_codes": "spell"
      },
	  {
        "img": "images/spells/thunder.png",
        "codes": "ruto,town2",
		"secondary_codes": "thunder"
      }
    ]
  },
  
  // Saria
  {
    "name": "Saria",
    "type": "progressive",
	"loop": true,
    "allow_disabled": false,
    "stages": [
      {
        "img": "images/towns/saria.png",
        "codes": "saria,town3"
      },
      {
        "img": "images/spells/shield.png",
        "codes": "saria,town3",
		"secondary_codes": "shield"
      },
      {
        "img": "images/spells/jump.png",
        "codes": "saria,town",
		"secondary_codes": "jump"
      },
      {
        "img": "images/spells/life.png",
        "codes": "saria,town3",
		"secondary_codes": "life"
      },
	  {
        "img": "images/spells/fairy.png",
        "codes": "saria,town3",
		"secondary_codes": "fairy"
      },
	  {
        "img": "images/spells/dash.png",
        "codes": "saria,town3",
		"secondary_codes": "dash"
      },
	  {
        "img": "images/spells/fire.png",
        "codes": "saria,town3",
		"secondary_codes": "fire"
      },
	  {
        "img": "images/spells/reflect.png",
        "codes": "saria,town3",
		"secondary_codes": "reflect"
      },
	  {
        "img": "images/spells/spell.png",
        "codes": "saria,town3",
		"secondary_codes": "spell"
      },
	  {
        "img": "images/spells/thunder.png",
        "codes": "saria,town3",
		"secondary_codes": "thunder"
      }
    ]
  },
  
  // Mido
  {
    "name": "Mido",
    "type": "progressive",
	"loop": true,
    "allow_disabled": false,
    "stages": [
      {
        "img": "images/towns/mido.png",
        "codes": "mido,town4"
      },
      {
        "img": "images/spells/shield.png",
        "codes": "mido,town4",
		"secondary_codes": "shield"
      },
      {
        "img": "images/spells/jump.png",
        "codes": "mido,town4",
		"secondary_codes": "jump"
      },
      {
        "img": "images/spells/life.png",
        "codes": "mido,town4",
		"secondary_codes": "life"
      },
	  {
        "img": "images/spells/fairy.png",
        "codes": "mido,town4",
		"secondary_codes": "fairy"
      },
	  {
        "img": "images/spells/dash.png",
        "codes": "mido,town4",
		"secondary_codes": "dash"
      },
	  {
        "img": "images/spells/fire.png",
        "codes": "mido,town4",
		"secondary_codes": "fire"
      },
	  {
        "img": "images/spells/reflect.png",
        "codes": "mido,town4",
		"secondary_codes": "reflect"
      },
	  {
        "img": "images/spells/spell.png",
        "codes": "mido,town4",
		"secondary_codes": "spell"
      },
	  {
        "img": "images/spells/thunder.png",
        "codes": "mido,town4",
		"secondary_codes": "thunder"
      }
    ]
  },
  
  // Nabooru
  {
    "name": "Nabooru",
    "type": "progressive",
	"loop": true,
    "allow_disabled": false,
    "stages": [
      {
        "img": "images/towns/nabooru.png",
        "codes": "nabooru,town5"
      },
      {
        "img": "images/spells/shield.png",
        "codes": "nabooru,town5",
		"secondary_codes": "shield"
      },
      {
        "img": "images/spells/jump.png",
        "codes": "nabooru,town5",
		"secondary_codes": "jump"
      },
      {
        "img": "images/spells/life.png",
        "codes": "nabooru,town5",
		"secondary_codes": "life"
      },
	  {
        "img": "images/spells/fairy.png",
        "codes": "nabooru,town5",
		"secondary_codes": "fairy"
      },
	  {
        "img": "images/spells/dash.png",
        "codes": "nabooru,town5",
		"secondary_codes": "dash"
      },
	  {
        "img": "images/spells/fire.png",
        "codes": "nabooru,town5",
		"secondary_codes": "fire"
      },
	  {
        "img": "images/spells/reflect.png",
        "codes": "nabooru,town5",
		"secondary_codes": "reflect"
      },
	  {
        "img": "images/spells/spell.png",
        "codes": "nabooru,town5",
		"secondary_codes": "spell"
      },
	  {
        "img": "images/spells/thunder.png",
        "codes": "nabooru,town5",
		"secondary_codes": "thunder"
      }
    ]
  },

  // Darunia
  {
    "name": "Darunia",
    "type": "progressive",
	"loop": true,
    "allow_disabled": false,
    "stages": [
      {
        "img": "images/towns/darunia.png",
        "codes": "darunia,town6"
      },
      {
        "img": "images/spells/shield.png",
        "codes": "darunia,town6",
		"secondary_codes": "shield"
      },
      {
        "img": "images/spells/jump.png",
        "codes": "darunia,town6",
		"secondary_codes": "jump"
      },
      {
        "img": "images/spells/life.png",
        "codes": "darunia,town6",
		"secondary_codes": "life"
      },
	  {
        "img": "images/spells/fairy.png",
        "codes": "darunia,town6",
		"secondary_codes": "fairy"
      },
	  {
        "img": "images/spells/dash.png",
        "codes": "darunia,town6",
		"secondary_codes": "dash"
      },
	  {
        "img": "images/spells/fire.png",
        "codes": "darunia,town6",
		"secondary_codes": "fire"
      },
	  {
        "img": "images/spells/reflect.png",
        "codes": "darunia,town6",
		"secondary_codes": "reflect"
      },
	  {
        "img": "images/spells/spell.png",
        "codes": "darunia,town6",
		"secondary_codes": "spell"
      },
	  {
        "img": "images/spells/thunder.png",
        "codes": "darunia,town6",
		"secondary_codes": "thunder"
      }
    ]
  },
  
  // New Kasuto
  {
    "name": "New Kasuto",
    "type": "progressive",
	"loop": true,
    "allow_disabled": false,
    "stages": [
      {
        "img": "images/towns/newkasuto.png",
        "codes": "newkasuto,town7"
      },
      {
        "img": "images/spells/shield.png",
        "codes": "newkasuto,town7",
		"secondary_codes": "shield"
      },
      {
        "img": "images/spells/jump.png",
        "codes": "newkasuto,town7",
		"secondary_codes": "jump"
      },
      {
        "img": "images/spells/life.png",
        "codes": "newkasuto,town7",
		"secondary_codes": "life"
      },
	  {
        "img": "images/spells/fairy.png",
        "codes": "newkasuto,town7",
		"secondary_codes": "fairy"
      },
	  {
        "img": "images/spells/dash.png",
        "codes": "newkasuto,town7",
		"secondary_codes": "dash"
      },
	  {
        "img": "images/spells/fire.png",
        "codes": "newkasuto,town7",
		"secondary_codes": "fire"
      },
	  {
        "img": "images/spells/reflect.png",
        "codes": "newkasuto,town7",
		"secondary_codes": "reflect"
      },
	  {
        "img": "images/spells/spell.png",
        "codes": "newkasuto,town7",
		"secondary_codes": "spell"
      },
	  {
        "img": "images/spells/thunder.png",
        "codes": "newkasuto,town7",
		"secondary_codes": "thunder"
      },
	  {
        "img": "images/towns/newkasutohidden.png",
        "codes": "newkasuto,town7",
		"secondary_codes": "forest,hidden"
      }
    ]
  },
  
  // Kasuto
  {
    "name": "Kasuto",
    "type": "progressive",
	"loop": true,
    "allow_disabled": false,
    "stages": [
      {
        "img": "images/towns/kasuto.png",
        "codes": "kasuto,town8"
      },
      {
        "img": "images/spells/shield.png",
        "codes": "kasuto,town8",
		"secondary_codes": "shield"
      },
      {
        "img": "images/spells/jump.png",
        "codes": "kasuto,town8",
		"secondary_codes": "jump"
      },
      {
        "img": "images/spells/life.png",
        "codes": "kasuto,town8",
		"secondary_codes": "life"
      },
	  {
        "img": "images/spells/fairy.png",
        "codes": "kasuto,town8",
		"secondary_codes": "fairy"
      },
	  {
        "img": "images/spells/dash.png",
        "codes": "kasuto,town8",
		"secondary_codes": "dash"
      },
	  {
        "img": "images/spells/fire.png",
        "codes": "kasuto,town8",
		"secondary_codes": "fire"
      },
	  {
        "img": "images/spells/reflect.png",
        "codes": "kasuto,town8",
		"secondary_codes": "reflect"
      },
	  {
        "img": "images/spells/spell.png",
        "codes": "kasuto,town8",
		"secondary_codes": "spell"
      },
	  {
        "img": "images/spells/thunder.png",
        "codes": "kasuto,town8",
		"secondary_codes": "thunder"
      }
    ]
  }
]