[
  // Rauru
  {
    "name": "Rauru",
    "type": "progressive",
	"loop": true,
    "allow_disabled": false,
    "stages": [
      {
        "img": "images/towns/rauru.png",
        "codes": "rauru"
      },
      {
        "img": "images/spells/shield.png",
        "codes": "rauru,shield"
      },
      {
        "img": "images/spells/jump.png",
        "codes": "rauru,jump"
      },
      {
        "img": "images/spells/life.png",
        "codes": "rauru,life"
      },
	  {
        "img": "images/spells/fairy.png",
        "codes": "rauru,fairy"
      },
	  {
        "img": "images/spells/fire.png",
        "codes": "rauru,fire"
      },
	  {
        "img": "images/spells/reflect.png",
        "codes": "rauru,reflect"
      },
	  {
        "img": "images/spells/spell.png",
        "codes": "rauru,spell"
      },
	  {
        "img": "images/spells/thunder.png",
        "codes": "rauru,thunder"
      }
    ]
  },
  
  // Ruto
  {
    "name": "Ruto",
    "type": "progressive",
	"loop": true,
    "allow_disabled": false,
    "stages": [
      {
        "img": "images/towns/ruto.png",
        "codes": "ruto"
      },
      {
        "img": "images/spells/shield.png",
        "codes": "ruto,shield"
      },
      {
        "img": "images/spells/jump.png",
        "codes": "ruto,jump"
      },
      {
        "img": "images/spells/life.png",
        "codes": "ruto,life"
      },
	  {
        "img": "images/spells/fairy.png",
        "codes": "ruto,fairy"
      },
	  {
        "img": "images/spells/fire.png",
        "codes": "ruto,fire"
      },
	  {
        "img": "images/spells/reflect.png",
        "codes": "ruto,reflect"
      },
	  {
        "img": "images/spells/spell.png",
        "codes": "ruto,spell"
      },
	  {
        "img": "images/spells/thunder.png",
        "codes": "ruto,thunder"
      }
    ]
  },
  
  // Saria
  {
    "name": "Saria",
    "type": "progressive",
	"loop": true,
    "allow_disabled": false,
    "stages": [
      {
        "img": "images/towns/saria.png",
        "codes": "saria"
      },
      {
        "img": "images/spells/shield.png",
        "codes": "saria,shield"
      },
      {
        "img": "images/spells/jump.png",
        "codes": "saria,jump"
      },
      {
        "img": "images/spells/life.png",
        "codes": "saria,life"
      },
	  {
        "img": "images/spells/fairy.png",
        "codes": "saria,fairy"
      },
	  {
        "img": "images/spells/fire.png",
        "codes": "saria,fire"
      },
	  {
        "img": "images/spells/reflect.png",
        "codes": "saria,reflect"
      },
	  {
        "img": "images/spells/spell.png",
        "codes": "saria,spell"
      },
	  {
        "img": "images/spells/thunder.png",
        "codes": "saria,thunder"
      }
    ]
  },
  
  // Mido
  {
    "name": "Mido",
    "type": "progressive",
	"loop": true,
    "allow_disabled": false,
    "stages": [
      {
        "img": "images/towns/mido.png",
        "codes": "mido"
      },
      {
        "img": "images/spells/shield.png",
        "codes": "mido,shield"
      },
      {
        "img": "images/spells/jump.png",
        "codes": "mido,jump"
      },
      {
        "img": "images/spells/life.png",
        "codes": "mido,life"
      },
	  {
        "img": "images/spells/fairy.png",
        "codes": "mido,fairy"
      },
	  {
        "img": "images/spells/fire.png",
        "codes": "mido,fire"
      },
	  {
        "img": "images/spells/reflect.png",
        "codes": "mido,reflect"
      },
	  {
        "img": "images/spells/spell.png",
        "codes": "mido,spell"
      },
	  {
        "img": "images/spells/thunder.png",
        "codes": "mido,thunder"
      }
    ]
  },
  
  // Nabooru
  {
    "name": "Nabooru",
    "type": "progressive",
	"loop": true,
    "allow_disabled": false,
    "stages": [
      {
        "img": "images/towns/nabooru.png",
        "codes": "nabooru"
      },
      {
        "img": "images/spells/shield.png",
        "codes": "nabooru,shield"
      },
      {
        "img": "images/spells/jump.png",
        "codes": "nabooru,jump"
      },
      {
        "img": "images/spells/life.png",
        "codes": "nabooru,life"
      },
	  {
        "img": "images/spells/fairy.png",
        "codes": "nabooru,fairy"
      },
	  {
        "img": "images/spells/fire.png",
        "codes": "nabooru,fire"
      },
	  {
        "img": "images/spells/reflect.png",
        "codes": "nabooru,reflect"
      },
	  {
        "img": "images/spells/spell.png",
        "codes": "nabooru,spell"
      },
	  {
        "img": "images/spells/thunder.png",
        "codes": "nabooru,thunder"
      }
    ]
  },

  // Darunia
  {
    "name": "Darunia",
    "type": "progressive",
	"loop": true,
    "allow_disabled": false,
    "stages": [
      {
        "img": "images/towns/darunia.png",
        "codes": "darunia"
      },
      {
        "img": "images/spells/shield.png",
        "codes": "darunia,shield"
      },
      {
        "img": "images/spells/jump.png",
        "codes": "darunia,jump"
      },
      {
        "img": "images/spells/life.png",
        "codes": "darunia,life"
      },
	  {
        "img": "images/spells/fairy.png",
        "codes": "darunia,fairy"
      },
	  {
        "img": "images/spells/fire.png",
        "codes": "darunia,fire"
      },
	  {
        "img": "images/spells/reflect.png",
        "codes": "darunia,reflect"
      },
	  {
        "img": "images/spells/spell.png",
        "codes": "darunia,spell"
      },
	  {
        "img": "images/spells/thunder.png",
        "codes": "darunia,thunder"
      }
    ]
  },
  
  // New Kasuto
  {
    "name": "New Kasuto",
    "type": "progressive",
	"loop": true,
    "allow_disabled": false,
    "stages": [
      {
        "img": "images/towns/newkasuto.png",
        "codes": "newkasuto"
      },
      {
        "img": "images/spells/shield.png",
        "codes": "newkasuto,shield"
      },
      {
        "img": "images/spells/jump.png",
        "codes": "newkasuto,jump"
      },
      {
        "img": "images/spells/life.png",
        "codes": "newkasuto,life"
      },
	  {
        "img": "images/spells/fairy.png",
        "codes": "newkasuto,fairy"
      },
	  {
        "img": "images/spells/fire.png",
        "codes": "newkasuto,fire"
      },
	  {
        "img": "images/spells/reflect.png",
        "codes": "newkasuto,reflect"
      },
	  {
        "img": "images/spells/spell.png",
        "codes": "newkasuto,spell"
      },
	  {
        "img": "images/spells/thunder.png",
        "codes": "newkasuto,thunder"
      },
	  {
        "img": "images/towns/newkasutohidden.png",
        "codes": "newkasuto"
      }
    ]
  },
  
  // Kasuto
  {
    "name": "Kasuto",
    "type": "progressive",
	"loop": true,
    "allow_disabled": false,
    "stages": [
      {
        "img": "images/towns/kasuto.png",
        "codes": "kasuto"
      },
      {
        "img": "images/spells/shield.png",
        "codes": "kasuto,shield"
      },
      {
        "img": "images/spells/jump.png",
        "codes": "kasuto,jump"
      },
      {
        "img": "images/spells/life.png",
        "codes": "kasuto,life"
      },
	  {
        "img": "images/spells/fairy.png",
        "codes": "kasuto,fairy"
      },
	  {
        "img": "images/spells/fire.png",
        "codes": "kasuto,fire"
      },
	  {
        "img": "images/spells/reflect.png",
        "codes": "kasuto,reflect"
      },
	  {
        "img": "images/spells/spell.png",
        "codes": "kasuto,spell"
      },
	  {
        "img": "images/spells/thunder.png",
        "codes": "kasuto,thunder"
      }
    ]
  }
]