[
	{
		"name": "Hyrule Map",
		"type": "composite_toggle",
		"codes": "backgroundmap",
		"item_left": "queststate",
		"item_right": "mirrored",
		"images":
		[
			{
				"left": false,
				"right": false,
				"img": "images/compactmaps/z1q1.png"
			},
			
			{
				"left": true,
				"right": false,
				"img": "images/compactmaps/z1q2.png"
			},
			
			{
				"left": false,
				"right": true,
				"img": "images/compactmaps/z1q1m.png"
			},
			
			{
				"left": true,
				"right": true,
				"img": "images/compactmaps/z1q2m.png"
			}
		]
	},
	
	// This is just a generic starts on placeholder with a code unlikely to be entered by accident by someone in chat
	
	{
		"name": "Cave",
		"type": "toggle",
		"img": "images/sections/opencave.png",
		"initial_active_state": true,
		"codes": "placeholdercave"
	}
]