[
	// Level 1
	{
		"name": "1",
		"type": "static",
		"img": "images/dungeongrid/1.png",
		"codes": "static1"
	},
	
	// Level 2
	{
		"name": "2",
		"type": "static",
		"img": "images/dungeongrid/2.png",
		"codes": "static2"
	},
	
	// Level 3
	{
		"name": "3",
		"type": "static",
		"img": "images/dungeongrid/3.png",
		"codes": "static3"
	},
	
	// Level 4
	{
		"name": "4",
		"type": "static",
		"img": "images/dungeongrid/4.png",
		"codes": "static4"
	},
	
	// Level 5
	{
		"name": "5",
		"type": "static",
		"img": "images/dungeongrid/5.png",
		"codes": "static5"
	},
	
	// Level 6
	{
		"name": "6",
		"type": "static",
		"img": "images/dungeongrid/6.png",
		"codes": "static6"
	},
	
	// Level 1
	{
		"name": "7",
		"type": "static",
		"img": "images/dungeongrid/7.png",
		"codes": "static7"
	},
	
	// Level 8
	{
		"name": "8",
		"type": "static",
		"img": "images/dungeongrid/8.png",
		"codes": "static8"
	},
	
	// Level 9
	{
		"name": "9",
		"type": "static",
		"img": "images/dungeongrid/9.png",
		"codes": "static9"
	},
	
	// Level
	{
		"name": "L",
		"type": "static",
		"img": "images/dungeongrid/l.png",
		"codes": "staticl"
	},
	
	// Over
	{
		"name": "O",
		"type": "static",
		"img": "images/dungeongrid/o.png",
		"codes": "statico"
	},
	
	// World
	{
		"name": "W",
		"type": "static",
		"img": "images/dungeongrid/w.png",
		"codes": "staticw"
	}
]