[
	// Arrows
	{
		"name": "Arrows",
		"type": "progressive",
		"stages": [
			{
				"img": "images/items/arrow.png",
				"codes": "arrow,arrows,woodarrow,woodarrows"
			},
			{
				"img": "images/items/silverarrow.png",
				"codes": "arrow,arrows,silvers,silver,silverarrows"
			}
		]
	},
	
	// Silver Arrows For Capture
	{
		"name": "Silver Arrows",
		"type": "toggle",
		"img": "images/items/silverarrow.png",
		"codes": "capturesilvers"
	},

	// Bait
	{
		"name": "Bait",
		"type": "toggle",
		"img": "images/items/bait.png",
		"codes": "bait,meat"
	},

	// Boomerang
	{
		"name": "Boomerang",
		"type": "progressive",
		"stages": [
			{
				"img": "images/items/boomerang.png",
				"codes": "boomerang,banana,lordbanana"
			},
			{
				"img": "images/items/magicboomerang.png",
				"codes": "boomerang,magicboomerang,bluenana"
			}
		]
	},
	
	// Boomerang For Capture
	{
		"name": "Boomerang",
		"type": "toggle",
		"img": "images/items/boomerang.png",
		"codes": "captureboomerang"
	},
	
	// Magic Boomerang For Capture
	{
		"name": "Magic Boomerang",
		"type": "toggle",
		"img": "images/items/magicboomerang.png",
		"codes": "capturemboomerang"
	},

	// Bomb
	{
		"name": "Bomb",
		"type": "toggle",
		"img": "images/items/bomb.png",
		"codes": "bomb"
	},
	
	// Book
	{
		"name": "Book",
		"type": "toggle",
		"img": "images/items/book.png",
		"codes": "book"
	},
	
	// Bow
	{
		"name": "Bow",
		"type": "toggle",
		"img": "images/items/bow.png",
		"codes": "bow"
	},
	
	// Candle
	{
		"name": "Candle",
		"type": "progressive",
		"stages": [
			{
				"img": "images/items/candle.png",
				"codes": "candle,bluecandle"
			},
			{
				"img": "images/items/redcandle.png",
				"codes": "candle,redcandle"
			}
		]
	},
	
	// Red Candle For Capture
	{
		"name": "Red Candle",
		"type": "toggle",
		"img": "images/items/redcandle.png",
		"codes": "captureredcandle"
	},
	
	// Heart Container
	{
		"name": "Heart Container",
		"type": "toggle",
		"img": "images/items/heartcontainer.png",
		"codes": "heartcontainer"
	},
	
	// Ladder
	{
		"name": "Ladder",
		"type": "toggle",
		"img": "images/items/ladder.png",
		"codes": "ladder"
	},
	
	// Letter
	{
		"name": "Letter",
		"type": "toggle",
		"img": "images/items/letter.png",
		"codes": "letter"
	},
	
	// Magic Key
	{
		"name": "Magic Key",
		"type": "toggle",
		"img": "images/items/magickey.png",
		"codes": "magickey,anykey"
	},
	
	// Magic Shield
	{
		"name": "Magic Shield",
		"type": "toggle",
		"img": "images/items/magicshield.png",
		"codes": "magicshield"
	},
	
	// Power Bracelet
	{
		"name": "Power Bracelet",
		"type": "toggle",
		"img": "images/items/powerbracelet.png",
		"codes": "powerbracelet,bracelet,croissant"
	},
	
	// Raft
	{
		"name": "Raft",
		"type": "toggle",
		"img": "images/items/raft.png",
		"codes": "raft"
	},
	
	// Recorder
	{
		"name": "Recorder",
		"type": "toggle",
		"img": "images/items/recorder.png",
		"codes": "recorder,flute,ocarina"
	},
	
	// Ring
	{
		"name": "Ring",
		"type": "progressive",
		"stages": [
			{
				"img": "images/items/bluering.png",
				"codes": "ring,bluering"
			},
			{
				"img": "images/items/redring.png",
				"codes": "ring,redring"
			}
		]
	},
	
	// Red Ring For Capture
	{
		"name": "Red Ring",
		"type": "toggle",
		"img": "images/items/redring.png",
		"codes": "captureredring"
	},
	
	// Swords (Progressive)
	{
		"name": "Sword",
		"type": "progressive",
		"stages": [
			{
				"img": "images/items/woodsword.png",
				"codes": "sword,woodsword"
			},
			{
				"img": "images/items/whitesword.png",
				"codes": "sword,whitesword"
			},
			{
				"img": "images/items/magicsword.png",
				"codes": "sword,magicsword"
			}
		]
	},
	
	// Wood Sword For Capture
	{
		"name": "Wood Sword",
		"type": "toggle",
		"img": "images/items/woodsword.png",
		"codes": "capturewoodsword"
	},
	
	// White Sword For Capture
	{
		"name": "White Sword",
		"type": "toggle",
		"img": "images/items/whitesword.png",
		"codes": "capturewhitesword"
	},
	
	// Magic Sword For Capture
	{
		"name": "Magic Sword",
		"type": "toggle",
		"img": "images/items/magicsword.png",
		"codes": "capturemagicsword"
	},
	
	// Wand
	{
		"name": "Wand",
		"type": "toggle",
		"img": "images/items/wand.png",
		"codes": "wand"
	},
	
	// Triforce 1
	{
		"name": "Triforce 1",
		"type": "toggle",
		"img": "images/items/triforce/triforcebr.png",
		"codes": "triforce1,tri1"
	},
	
	// Triforce 2
	{
		"name": "Triforce 2",
		"type": "toggle",
		"img": "images/items/triforce/triforcebl.png",
		"codes": "triforce2,tri2"
	},
	
	// Triforce 3
	{
		"name": "Triforce 3",
		"type": "toggle",
		"img": "images/items/triforce/triforcebr.png",
		"codes": "triforce3,tri3"
	},
	
	// Triforce 4
	{
		"name": "Triforce 4",
		"type": "toggle",
		"img": "images/items/triforce/triforcebl.png",
		"mask_input": true,
		"codes": "triforce4,tri4"
	},
	
	// Triforce 5
	{
		"name": "Triforce 5",
		"type": "toggle",
		"img": "images/items/triforce/triforcetr.png",
		"mask_input": true,
		"codes": "triforce5,tri5"
	},
	
	// Triforce 6
	{
		"name": "Triforce 6",
		"type": "toggle",
		"img": "images/items/triforce/triforcetl.png",
		"mask_input": true,
		"codes": "triforce6,tri6"
	},
	
	// Triforce 7
	{
		"name": "Triforce 7",
		"type": "toggle",
		"img": "images/items/triforce/triforcebr.png",
		"mask_input": true,
		"codes": "triforce7,tri7"
	},
	
	// Triforce 8
	{
		"name": "Triforce 8",
		"type": "toggle",
		"img": "images/items/triforce/triforcebl.png",
		"codes": "triforce8,tri8"
	},
	
	// Triforce Number 1
	{
		"name": "Triforce Number 1",
		"type": "composite_toggle",
		"item_left": "triforce1",
		"item_right": "triforceconfig16",
		"codes": "triforcenumber1",
		"images":
		[
			{
				"left": false,
				"right": false,
				"img": "images/items/triforce/1.png",
				"img_mods": "@disabled"
			},
			
			{
				"left": true,
				"right": false,
				"img": "images/items/triforce/1.png"
			},
			
			{
				"left": false,
				"right": true,
				"img": "images/items/triforce/1.png",
				"img_mods": "@disabled"
			},
			
			{
				"left": true,
				"right": true,
				"img": "images/items/triforce/1.png"
			},
		]
	},
	
	// Triforce Number 2
	{
		"name": "Triforce Number 2",
		"type": "composite_toggle",
		"item_left": "triforce2",
		"item_right": "triforceconfig16",
		"codes": "triforcenumber2",
		"images":
		[
			{
				"left": false,
				"right": false,
				"img": "images/items/triforce/2q1.png",
				"img_mods": "@disabled"
			},
			
			{
				"left": true,
				"right": false,
				"img": "images/items/triforce/2q1.png"
			},
			
			{
				"left": false,
				"right": true,
				"img": "images/items/triforce/3q2.png",
				"img_mods": "@disabled"
			},
			
			{
				"left": true,
				"right": true,
				"img": "images/items/triforce/3q2.png"
			},
		]
	},
	
	// Triforce Number 3
	{
		"name": "Triforce Number 3",
		"type": "composite_toggle",
		"item_left": "triforce3",
		"item_right": "triforceconfig16",
		"codes": "triforcenumber3",
		"images":
		[
			{
				"left": false,
				"right": false,
				"img": "images/items/triforce/3q1.png",
				"img_mods": "@disabled"
			},
			
			{
				"left": true,
				"right": false,
				"img": "images/items/triforce/3q1.png"
			},
			
			{
				"left": false,
				"right": true,
				"img": "images/items/triforce/2q2.png",
				"img_mods": "@disabled"
			},
			
			{
				"left": true,
				"right": true,
				"img": "images/items/triforce/2q2.png"
			},
		]
	},
	
	// Triforce Number 4
	{
		"name": "Triforce Number 4",
		"type": "composite_toggle",
		"item_left": "triforce4",
		"item_right": "triforceconfig16",
		"codes": "triforcenumber4",
		"images":
		[
			{
				"left": false,
				"right": false,
				"img": "images/items/triforce/6.png",
				"img_mods": "@disabled"
			},
			
			{
				"left": true,
				"right": false,
				"img": "images/items/triforce/6.png"
			},
			
			{
				"left": false,
				"right": true,
				"img": "images/items/triforce/6.png",
				"img_mods": "@disabled"
			},
			
			{
				"left": true,
				"right": true,
				"img": "images/items/triforce/6.png"
			},
		]
	},
	
	// Triforce Number 5
	{
		"name": "Triforce Number 5",
		"type": "composite_toggle",
		"item_left": "triforce5",
		"item_right": "triforceconfig16",
		"codes": "triforcenumber5",
		"images":
		[
			{
				"left": false,
				"right": false,
				"img": "images/items/triforce/5q1.png",
				"img_mods": "@disabled"
			},
			
			{
				"left": true,
				"right": false,
				"img": "images/items/triforce/5q1.png"
			},
			
			{
				"left": false,
				"right": true,
				"img": "images/items/triforce/4q2.png",
				"img_mods": "@disabled"
			},
			
			{
				"left": true,
				"right": true,
				"img": "images/items/triforce/4q2.png"
			},
		]
	},
	
	// Triforce Number 6
	{
		"name": "Triforce Number 6",
		"type": "composite_toggle",
		"item_left": "triforce6",
		"item_right": "triforceconfig78",
		"codes": "triforcenumber6",
		"images":
		[
			{
				"left": false,
				"right": false,
				"img": "images/items/triforce/7q1.png",
				"img_mods": "@disabled"
			},
			
			{
				"left": true,
				"right": false,
				"img": "images/items/triforce/7q1.png"
			},
			
			{
				"left": false,
				"right": true,
				"img": "images/items/triforce/8q2.png",
				"img_mods": "@disabled"
			},
			
			{
				"left": true,
				"right": true,
				"img": "images/items/triforce/8q2.png"
			},
		]
	},
	
	// Triforce Number 7
	{
		"name": "Triforce Number 7",
		"type": "composite_toggle",
		"item_left": "triforce7",
		"item_right": "triforceconfig78",
		"codes": "triforcenumber7",
		"images":
		[
			{
				"left": false,
				"right": false,
				"img": "images/items/triforce/8q1.png",
				"img_mods": "@disabled"
			},
			
			{
				"left": true,
				"right": false,
				"img": "images/items/triforce/8q1.png"
			},
			
			{
				"left": false,
				"right": true,
				"img": "images/items/triforce/7q2.png",
				"img_mods": "@disabled"
			},
			
			{
				"left": true,
				"right": true,
				"img": "images/items/triforce/7q2.png"
			},
		]
	},
	
	// Triforce Number 8
	{
		"name": "Triforce Number 8",
		"type": "composite_toggle",
		"item_left": "triforce8",
		"item_right": "triforceconfig16",
		"codes": "triforcenumber8",
		"images":
		[
			{
				"left": false,
				"right": false,
				"img": "images/items/triforce/4q1.png",
				"img_mods": "@disabled"
			},
			
			{
				"left": true,
				"right": false,
				"img": "images/items/triforce/4q1.png"
			},
			
			{
				"left": false,
				"right": true,
				"img": "images/items/triforce/5q2.png",
				"img_mods": "@disabled"
			},
			
			{
				"left": true,
				"right": true,
				"img": "images/items/triforce/5q2.png"
			},
		]
	},
]