[
	// Level 1
	{
		"name": "Level 1",
		"type": "toggle",
		"img": "images/locations/levelone.png",
		"codes": "levelone"
	},
	
	// Level 2
	{
		"name": "Level 2",
		"type": "toggle",
		"img": "images/locations/leveltwo.png",
		"codes": "leveltwo"
	},
	
	// Level 3
	{
		"name": "Level 3",
		"type": "toggle",
		"img": "images/locations/levelthree.png",
		"codes": "levelthree"
	},
	
	// Level 4
	{
		"name": "Level 4",
		"type": "toggle",
		"img": "images/locations/levelfour.png",
		"codes": "levelfour"
	},
	
	// Level 5
	{
		"name": "Level 5",
		"type": "toggle",
		"img": "images/locations/levelfive.png",
		"codes": "levelfive"
	},
	
	// Level 6
	{
		"name": "Level 6",
		"type": "toggle",
		"img": "images/locations/levelsix.png",
		"codes": "levelsix"
	},
	
	// Level 7
	{
		"name": "Level 7",
		"type": "toggle",
		"img": "images/locations/levelseven.png",
		"codes": "levelseven"
	},
	
	// Level 8
	{
		"name": "Level 8",
		"type": "toggle",
		"img": "images/locations/leveleight.png",
		"codes": "leveleight"
	},
	
	// Level 9
	{
		"name": "Level 9",
		"type": "toggle",
		"img": "images/locations/zelda.png",
		"codes": "level9"
	},

	// Level 9
	{
		"name": "Level 9",
		"type": "toggle",
		"img": "images/locations/zelda.png",
		"codes": "level9"
	},
	
	// Hint Shop
	{
		"name": "Hint Shop",
		"type": "toggle",
		"img": "images/locations/oldwoman.png",
		"codes": "hintshop"
	},
	
	// Generic Shop
	{
		"name": "Generic Shop",
		"type": "toggle",
		"img": "images/locations/merchant.png",
		"codes": "genericshop"
	},
	
	// Medicine Shop
	{
		"name": "Medicine Shop",
		"type": "toggle",
		"img": "images/locations/medicine.png",
		"codes": "medicineshop"
	},
	
	// Arrow Shop
	{
		"name": "Arrow Shop",
		"type": "toggle",
		"img": "images/locations/shoparrow.png",
		"codes": "arrowshop"
	},
	
	// Bait Shop
	{
		"name": "Bait Shop",
		"type": "toggle",
		"img": "images/locations/shopbait.png",
		"codes": "baitshop"
	},
	
	// Blue Ring Shop
	{
		"name": "Blue Ring Shop",
		"type": "toggle",
		"img": "images/locations/shopbluering.png",
		"codes": "blueringshop"
	},
	
	// Bomb Shop
	{
		"name": "Bomb Shop",
		"type": "toggle",
		"img": "images/locations/shopbomb.png",
		"codes": "bombshop"
	},
	
	// Candle Shop
	{
		"name": "Candle	Shop",
		"type": "toggle",
		"img": "images/locations/shopcandle.png",
		"codes": "candleshop"
	},
	
	// Magic Shield Shop
	{
		"name": "Magic Shield Shop",
		"type": "toggle",
		"img": "images/locations/shopmagicshield.png",
		"codes": "magicshieldshop"
	},
	
	// Money Making Game
	{
		"name": "Money Making Game",
		"type": "toggle",
		"img": "images/locations/moneymakinggame.png",
		"codes": "moneymakinggame"
	},

	// Warp 1
	{
		"name": "Warp 1",
		"type": "toggle",
		"img": "images/locations/warp1.png",
		"codes": "warp1"
	},
	
	// Warp 2
	{
		"name": "Warp 2",
		"type": "toggle",
		"img": "images/locations/warp2.png",
		"codes": "warp2"
	},
	
	// Warp 3
	{
		"name": "Warp 3",
		"type": "toggle",
		"img": "images/locations/warp3.png",
		"codes": "warp3"
	},

	// Warp 4
	{
		"name": "Warp 4",
		"type": "toggle",
		"img": "images/locations/warp4.png",
		"codes": "warp4"
	},
	
	// Wood Sword Cave
	{
		"name": "Wood Sword Cave",
		"type": "toggle",
		"img": "images/locations/woodswordcave.png",
		"codes": "woodswordcave"
	},
	
	// White Sword Cave
	{
		"name": "White Sword Cave",
		"type": "toggle",
		"img": "images/locations/whiteswordcave.png",
		"codes": "whiteswordcave"
	},
	
	// Wood Sword Cave
	{
		"name": "Magic Sword Cave",
		"type": "toggle",
		"img": "images/locations/magicswordcave.png",
		"codes": "magicswordcave"
	},
	
	// Small Secret
	{
		"name": "Small Secret",
		"type": "toggle",
		"img": "images/locations/smallrupees.png",
		"codes": "smallsecret",
	},
	
	// Large Secret
	{
		"name": "Large Secret",
		"type": "toggle",
		"img": "images/locations/rupees.png",
		"codes": "largesecret"
	}
]