[
	// Level 1
	{
		"name": "Level 1",
		"type": "toggle",
		"img": "images/compactlocations/levelone.png",
		"codes": "palettelevel1"
	},
	
	// Level 2
	{
		"name": "Level 2",
		"type": "toggle",
		"img": "images/compactlocations/leveltwo.png",
		"codes": "palettelevel2"
	},
	
	// Level 3
	{
		"name": "Level 3",
		"type": "toggle",
		"img": "images/compactlocations/levelthree.png",
		"codes": "palettelevel3"
	},
	
	// Level 4
	{
		"name": "Level 4",
		"type": "toggle",
		"img": "images/compactlocations/levelfour.png",
		"codes": "palettelevel4"
	},
	
	// Level 5
	{
		"name": "Level 5",
		"type": "toggle",
		"img": "images/compactlocations/levelfive.png",
		"codes": "palettelevel5"
	},
	
	// Level 6
	{
		"name": "Level 6",
		"type": "toggle",
		"img": "images/compactlocations/levelsix.png",
		"codes": "palettelevel6"
	},
	
	// Level 7
	{
		"name": "Level 7",
		"type": "toggle",
		"img": "images/compactlocations/levelseven.png",
		"codes": "palettelevel7"
	},
	
	// Level 8
	{
		"name": "Level 8",
		"type": "toggle",
		"img": "images/compactlocations/leveleight.png",
		"codes": "palettelevel8"
	},
	
	// Level 9
	{
		"name": "Level 9",
		"type": "toggle",
		"img": "images/compactlocations/levelnine.png",
		"codes": "palettelevel9"
	},
	
	// Level Unknown
	{
		"name": "Level Unknown",
		"type": "toggle",
		"img": "images/compactlocations/levelunknown.png",
		"codes": "palettelevelunknown"
	},
	
	// Wood Sword Cave
	{
		"name": "Wood Sword Cave",
		"type": "toggle",
		"img": "images/compactlocations/woodswordcave.png",
		"codes": "palettewoodswordcave"
	},
	
	// White Sword Cave
	{
		"name": "White Sword Cave",
		"type": "toggle",
		"img": "images/compactlocations/whiteswordcave.png",
		"codes": "palettewhiteswordcave"
	},
	
	// Magic Sword Cave
	{
		"name": "Magic Sword Cave",
		"type": "toggle",
		"img": "images/compactlocations/magicswordcave.png",
		"codes": "palettemagicswordcave"
	},
	
	// Rupees
	{
		"name": "It's A Secret To Everybody",
		"type": "toggle",
		"img": "images/compactlocations/rupees.png",
		"codes": "paletterupees"
	},
	
	// Take Any
	{
		"name": "Take Any",
		"type": "toggle",
		"img": "images/compactlocations/takeany.png",
		"codes": "palettetakeany"
	},
	
	//  Warp 1
	{
		"name": "Warp 1",
		"type": "toggle",
		"img": "images/compactlocations/warpone.png",
		"codes": "palettewarp1"
	},
	
	//  Warp 2
	{
		"name": "Warp 2",
		"type": "toggle",
		"img": "images/compactlocations/warptwo.png",
		"codes": "palettewarp2"
	},
	
	//  Warp 3
	{
		"name": "Warp 3",
		"type": "toggle",
		"img": "images/compactlocations/warpthree.png",
		"codes": "palettewarp3"
	},
	
	//  Warp 4
	{
		"name": "Warp 4",
		"type": "toggle",
		"img": "images/compactlocations/warpfour.png",
		"codes": "palettewarp4"
	},
	
	// Arrow Shop
	{
		"name": "Arrow Shop",
		"type": "toggle",
		"img": "images/compactlocations/shoparrow.png",
		"codes": "paletteshoparrow"
	},
	
	// Bait Shop
	{
		"name": "Bait Shop",
		"type": "toggle",
		"img": "images/compactlocations/shopbait.png",
		"codes": "paletteshopbait"
	},
	
	// Blue Ring Shop
	{
		"name": "Blue Ring Shop",
		"type": "toggle",
		"img": "images/compactlocations/shopbluering.png",
		"codes": "paletteshopbluering"
	},
	
	// Bomb Shop
	{
		"name": "Bomb Shop",
		"type": "toggle",
		"img": "images/compactlocations/shopbomb.png",
		"codes": "paletteshopbomb"
	},
	
	// Candle Shop
	{
		"name": "Candle Shop",
		"type": "toggle",
		"img": "images/compactlocations/shopcandle.png",
		"codes": "paletteshopcandle"
	},
	
	// Hint Shop
	{
		"name": "Hint Shop",
		"type": "toggle",
		"img": "images/compactlocations/shophint.png",
		"codes": "paletteshophint"
	},
	
	// Key Shop
	{
		"name": "Key Shop",
		"type": "toggle",
		"img": "images/compactlocations/shopkey.png",
		"codes": "paletteshopkey"
	},
	
	// Magic Shield Shop
	{
		"name": "Magic Shield Shop",
		"type": "toggle",
		"img": "images/compactlocations/shopmagicshield.png",
		"codes": "paletteshopmagicshield"
	},
	
	// Medicine Shop
	{
		"name": "Medicine Shop",
		"type": "toggle",
		"img": "images/compactlocations/shopmedicine.png",
		"codes": "paletteshopmedicine"
	},
	
	// Money Making Game
	{
		"name": "Money Making Game",
		"type": "toggle",
		"img": "images/compactlocations/moneymakinggame.png",
		"codes": "palettemmg"
	}
]