[
	{
		"name": "first",
		"location_size": 32,
		"location_border_thickness": 5,
		"img": "images/maps/z1q1.png"
	},
	
	{
		"name": "firstmirror",
		"location_size": 32,
		"location_border_thickness": 5,
		"img": "images/maps/z1q1m.png"
	},
	
	{
		"name": "second",
		"location_size": 32,
		"location_border_thickness": 5,		
		"img": "images/maps/z1q2.png"
	},
	
	{
		"name": "secondmirror",
		"location_size": 32,
		"location_border_thickness": 5,		
		"img": "images/maps/z1q2m.png"
	}
]