[
	{
		"name": "Death Mountain",
		"color": "#FF0000",
		"chest_unopened_img": "images/sections/bombwall.png",
		"chest_opened_img": "images/sections/opencave.png",
		"children":
		[
			{
				"name": "A1 - Second Quest Level 9",
				"short_name": "A1",
				"access_rules": [ "bomb" ],
				"map_locations": 
				[
					{
						"map": "first",
						"x": 132,
						"y": 84,
						"visibility_rules": [ "mixedquest" ]
					},
					
					{
						"map": "second",
						"x": 132,
						"y": 84
					},
					
					{
						"map": "firstmirror",
						"x": 2012,
						"y": 84,
						"visibility_rules": [ "mixedquest" ]
					},
					
					{
						"map": "secondmirror",
						"x": 2012,
						"y": 84
					}
				],
				"sections":
				[
					{
						"name": "Bomb Wall",
						"capture_item": true,
						"item_count": 1,
					}
				]
			},
			
			{
				"name": "B1 - Bomb Wall",
				"short_name": "B1",
				"access_rules": [ "bomb" ],
				"map_locations": 
				[
					{
						"map": "first",
						"x": 252,
						"y": 60,
					},
					
					{
						"map": "second",
						"x": 252,
						"y": 60
					},
					
					{
						"map": "firstmirror",
						"x": 1892,
						"y": 60,
					},
					
					{
						"map": "secondmirror",
						"x": 1892,
						"y": 60
					}
				],
				"sections":
				[
					{
						"name": "Bomb Wall",
						"capture_item": true,
						"item_count": 1,
					}
				]
			},
			
			{
				"name": "C1 - Bomb Wall",
				"short_name": "C1",
				"access_rules": [ "bomb" ],
				"map_locations": 
				[
					{
						"map": "first",
						"x": 356,
						"y": 84,
						"visibility_rules": [ "mixedquest" ]
					},
					
					{
						"map": "second",
						"x": 356,
						"y": 84
					},
					
					{
						"map": "firstmirror",
						"x": 1788,
						"y": 84,
						"visibility_rules": [ "mixedquest" ]
					},
					
					{
						"map": "secondmirror",
						"x": 1788,
						"y": 84
					}
				],
				"sections":
				[
					{
						"name": "Bomb Wall",
						"capture_item": true,
						"item_count": 1
					}
				]
			},
			
			{
				"name": "D1 - Bomb Wall",
				"short_name": "D1",
				"access_rules": [ "bomb" ],
				"map_locations": 
				[
					{
						"map": "first",
						"x": 492,
						"y": 84
					},
					
					{
						"map": "second",
						"x": 492,
						"y": 84
					},
					
					{
						"map": "firstmirror",
						"x": 1652,
						"y": 84
					},
					
					{
						"map": "secondmirror",
						"x": 1652,
						"y": 84
					}
				],
				"sections":
				[
					{
						"name": "Bomb Wall",
						"capture_item": true,
						"item_count": 1
					}
				]
			},
			
			{
				"name": "E1 - Open Cave",
				"short_name": "E1",
				"map_locations": 
				[
					{
						"map": "first",
						"x": 660,
						"y": 60
					},
					
					{
						"map": "second",
						"x": 660,
						"y": 60
					},
					
					{
						"map": "firstmirror",
						"x": 1484,
						"y": 60
					},
					
					{
						"map": "secondmirror",
						"x": 1484,
						"y": 60
					}
				],
				"sections":
				[
					{
						"name": "Open Cave",
						"capture_item": true,
						"item_count": 1,
						"chest_unopened_img": "images/sections/opencave.png",
					}
				]
			},
			
			{
				"name": "F1 - Spectacle Rock",
				"short_name": "Spectacle Rock",
				"access_rules": [ "bomb" ],
				"map_locations": 
				[
					{
						"map": "first",
						"x": 732,
						"y": 100
					},
					
					{
						"map": "second",
						"x": 732,
						"y": 100,
						"visibility_rules": [ "mixedquest" ]
					},
					
					{
						"map": "firstmirror",
						"x": 1412,
						"y": 100
					},
					
					{
						"map": "secondmirror",
						"x": 1412,
						"y": 100,
						"visibility_rules": [ "mixedquest" ]
					}
				],
				"sections":
				[
					{
						"name": "Bomb Wall",
						"capture_item": true,
						"item_count": 1,
					}
				]
			},
			
			{
				"name": "G1 - Recorder Spot",
				"short_name": "G1",
				"access_rules": [ "recorder" ],
				"map_locations": 
				[
					{
						"map": "first",
						"x": 880,
						"y": 92,
						"visibility_rules": [ "mixedquest" ]
					},
					
					{
						"map": "second",
						"x": 880,
						"y": 92
					},
					
					{
						"map": "firstmirror",
						"x": 1264,
						"y": 92,
						"visibility_rules": [ "mixedquest" ]
					},
					
					{
						"map": "secondmirror",
						"x": 1264,
						"y": 92
					}
				],
				"sections":
				[
					{
						"name": "Use Recorder",
						"capture_item": true,
						"item_count": 1,
						"chest_unopened_img": "images/sections/recorderwater.png",
						"chest_opened_img": "images/sections/stairs.png",
					}
				]
			},
			
			{
				"name": "H1 - Bomb Wall",
				"short_name": "H1",
				"access_rules": [ "bomb" ],
				"map_locations": 
				[
					{
						"map": "first",
						"x": 1028,
						"y": 84
					},
					
					{
						"map": "second",
						"x": 1028,
						"y": 84
					},
					
					{
						"map": "firstmirror",
						"x": 1116,
						"y": 84
					},
					
					{
						"map": "secondmirror",
						"x": 1116,
						"y": 84
					}
				],
				"sections":
				[
					{
						"name": "Bomb Wall",
						"capture_item": true,
						"item_count": 1
					}
				]
			},

			{
				"name": "J1 - Arrow",
				"short_name": "Arrow",
				"access_rules": [ "powerbracelet" ],
				"map_locations": 
				[
					{
						"map": "first",
						"x": 1236,
						"y": 92,
						"visibility_rules" : [ "mixedquest" ]
					},
					
					{
						"map": "second",
						"x": 1236,
						"y": 92
					},
					
					{
						"map": "firstmirror",
						"x": 908,
						"y": 92,
						"visibility_rules" : [ "mixedquest" ]
					},
					
					{
						"map": "secondmirror",
						"x": 908,
						"y": 92
					}
				],
				"sections":
				[
					{
						"name": "Push Rock",
						"capture_item": true,
						"item_count": 1,
						"chest_unopened_img": "images/sections/pushrock.png",
						"chest_opened_img": "images/sections/stairs.png",
					}
				]
			},

			{
				"name": "A2 - Bomb Wall",
				"short_name": "A2",
				"access_rules": [ "bomb" ],
				"map_locations": 
				[
					{
						"map": "first",
						"x": 124,
						"y": 148
					},
					
					{
						"map": "second",
						"x": 124,
						"y": 148
					},
					
					{
						"map": "firstmirror",
						"x": 2020,
						"y": 148
					},
					
					{
						"map": "secondmirror",
						"x": 2020,
						"y": 148
					}
				],
				"sections":
				[
					{
						"name": "Bomb Wall",
						"capture_item": true,
						"item_count": 1
					}
				]
			},

			{
				"name": "B2 - Second Quest Letter",
				"short_name": "B2",
				"access_rules": [ "powerbracelet" ],
				"map_locations": 
				[
					{
						"map": "first",
						"x": 244,
						"y": 180,
						"visibility_rules": [ "mixedquest" ]
					},
					
					{
						"map": "second",
						"x": 244,
						"y": 180
					},
					
					{
						"map": "firstmirror",
						"x": 1900,
						"y": 180,
						"visibility_rules": [ "mixedquest" ]
					},
					
					{
						"map": "secondmirror",
						"x": 1900,
						"y": 180
					}
				],
				"sections":
				[
					{
						"name": "Push Rock",
						"capture_item": true,
						"item_count": 1,
						"chest_unopened_img": "images/sections/pushrock",
						"chest_opened_img": "images/sections/stairs"
					}
				]
			},
			
			{
				"name": "C2 - Bomb Wall",
				"short_name": "C2",
				"access_rules": [ "bomb" ],
				"map_locations": 
				[
					{
						"map": "first",
						"x": 372,
						"y": 148
					},
					
					{
						"map": "second",
						"x": 372,
						"y": 148
					},
					
					{
						"map": "firstmirror",
						"x": 1772,
						"y": 148
					},
					
					{
						"map": "secondmirror",
						"x": 1772,
						"y": 148
					}
				],
				"sections":
				[
					{
						"name": "Bomb Wall",
						"capture_item": true,
						"item_count": 1
					}
				]
			},
			
			{
				"name": "D2 - Bomb Wall",
				"short_name": "D2",
				"access_rules": [ "bomb" ],
				"map_locations": 
				[
					{
						"map": "first",
						"x": 452,
						"y": 148
					},
					
					{
						"map": "second",
						"x": 452,
						"y": 148
					},
					
					{
						"map": "firstmirror",
						"x": 1692,
						"y": 148
					},
					
					{
						"map": "secondmirror",
						"x": 1692,
						"y": 148
					}
				],
				"sections":
				[
					{
						"name": "Bomb Wall",
						"capture_item": true,
						"item_count": 1
					}
				]
			},
			
			{
				"name": "E2 - Bomb Wall",
				"short_name": "E2",
				"access_rules": [ "bomb" ],
				"map_locations": 
				[
					{
						"map": "first",
						"x": 660,
						"y": 148
					},
					
					{
						"map": "second",
						"x": 660,
						"y": 148
					},
					
					{
						"map": "firstmirror",
						"x": 1484,
						"y": 148
					},
					
					{
						"map": "secondmirror",
						"x": 1484,
						"y": 148
					}
				],
				"sections":
				[
					{
						"name": "Bomb Wall",
						"capture_item": true,
						"item_count": 1
					}
				]
			},
			
			{
				"name": "F2 - Bomb Wall",
				"short_name": "F2",
				"access_rules": [ "bomb" ],
				"map_locations": 
				[
					{
						"map": "first",
						"x": 788,
						"y": 148,
						"visibility_rules": [ "mixedquest" ]
					},
					
					{
						"map": "second",
						"x": 788,
						"y": 148
					},
					
					{
						"map": "firstmirror",
						"x": 1356,
						"y": 148,
						"visibility_rules": [ "mixedquest" ]
					},
					
					{
						"map": "secondmirror",
						"x": 1356,
						"y": 148
					}
				],
				"sections":
				[
					{
						"name": "Bomb Wall",
						"capture_item": true,
						"item_count": 1
					}
				]
			},
			
			{
				"name": "G2 - Bomb Wall",
				"short_name": "G2",
				"access_rules": [ "bomb" ],
				"map_locations": 
				[
					{
						"map": "first",
						"x": 868,
						"y": 148
					},
					
					{
						"map": "second",
						"x": 868,
						"y": 148
					},
					
					{
						"map": "firstmirror",
						"x": 1276,
						"y": 148
					},
					
					{
						"map": "secondmirror",
						"x": 1276,
						"y": 148
					}
				],
				"sections":
				[
					{
						"name": "Bomb Wall",
						"capture_item": true,
						"item_count": 1
					}
				]
			}
		]
	}
]