[
	{
		"name": "Desert",
		"color": "#FFD800",
		"chest_unopened_img": "images/sections/recorderwater.png",
		"chest_opened_img": "images/sections/stairs.png",
		"children": 
		[
			{
				"name": "I3 - Burn Bush",
				"short_name": "I3",
				"access_rules": [ "candle" ],
				"map_locations": 
				[
					{
						"map": "first",
						"x": 1180,
						"y": 276
					},
					
					{
						"map": "second",
						"x": 1180,
						"y": 276
					},
					
					{
						"map": "firstmirror",
						"x": 964,
						"y": 276
					},
					
					{
						"map": "secondmirror",
						"x": 964,
						"y": 276
					}
				],
				"sections":
				[
					{
						"name": "Burn Bush",
						"capture_item": true,
						"item_count": 1,
						"chest_unopened_img": "images/sections/burnbush.png"
					}
				]
			},
			
			{
				"name": "J3 - Recorder Spot",
				"short_name": "J3",
				"access_rules": [ "recorder" ],
				"map_locations": 
				[
					{
						"map": "first",
						"x": 1264,
						"y": 268,
						"visibility_rules": [ "mixedquest" ]
					},
					
					{
						"map": "second",
						"x": 1264,
						"y": 268
					},
					
					{
						"map": "firstmirror",
						"x": 880,
						"y": 268,
						"visibility_rules": [ "mixedquest" ]
					},
					
					{
						"map": "secondmirror",
						"x": 880,
						"y": 268
					}
				],
				"sections":
				[
					{
						"name": "Use Recorder",
						"capture_item": true,
						"item_count": 1
					}
				]
			},
			
			{
				"name": "L3 - Recorder Spot",
				"short_name": "L3",
				"access_rules": [ "recorder" ],
				"map_locations": 
				[
					{
						"map": "first",
						"x": 1520,
						"y": 268,
						"visibility_rules": [ "mixedquest" ]
					},
					
					{
						"map": "second",
						"x": 1520,
						"y": 268
					},
					
					{
						"map": "firstmirror",
						"x": 624,
						"y": 268,
						"visibility_rules": [ "mixedquest" ]
					},
					
					{
						"map": "secondmirror",
						"x": 624,
						"y": 268
					}
				],
				"sections":
				[
					{
						"name": "Use Recorder",
						"capture_item": true,
						"item_count": 1
					}
				]
			},
			
			{
				"name": "M3 - Monocle Rock",
				"short_name": "Monocle Rock",
				"access_rules": [ "bomb" ],
				"map_locations": 
				[
					{
						"map": "first",
						"x": 1660,
						"y": 276
					},
					
					{
						"map": "second",
						"x": 1660,
						"y": 276,
						"visibility_rules": [ "mixedquest" ]
					},
					
					{
						"map": "firstmirror",
						"x": 484,
						"y": 276
					},
					
					{
						"map": "secondmirror",
						"x": 484,
						"y": 276,
						"visibility_rules": [ "mixedquest" ]
					}
				],
				"sections":
				[
					{
						"name": "Bomb Wall",
						"capture_item": true,
						"item_count": 1,
						"chest_unopened_img": "images/sections/bombwall.png",
						"chest_opened_img": "images/sections/opencave.png"
					}
				]
			},
			
			{
				"name": "K4 - Recorder Spot",
				"short_name": "K4",
				"access_rules": [ "recorder" ],
				"map_locations": 
				[
					{
						"map": "first",
						"x": 1392,
						"y": 356,
						"visibility_rules": [ "mixedquest" ]
					},
					
					{
						"map": "second",
						"x": 1392,
						"y": 356
					},
					
					{
						"map": "firstmirror",
						"x": 752,
						"y": 356,
						"visibility_rules": [ "mixedquest" ]
					},
					
					{
						"map": "secondmirror",
						"x": 752,
						"y": 356
					}
				],
				"sections":
				[
					{
						"name": "Use Recorder",
						"capture_item": true,
						"item_count": 1
					}
				]
			},
			
			{
				"name": "J5 - Desert Warp",
				"short_name": "J5",
				"access_rules": [ "powerbracelet" ],
				"map_locations": 
				[
					{
						"map": "first",
						"x": 1228,
						"y": 444
					},
					
					{
						"map": "second",
						"x": 1228,
						"y": 444
					},
					
					{
						"map": "firstmirror",
						"x": 868,
						"y": 444
					},
					
					{
						"map": "secondmirror",
						"x": 868,
						"y": 444
					}
				],
				"sections":
				[
					{
						"name": "Push Rock",
						"capture_item": true,
						"item_count": 1,
						"chest_unopened_img": "images/sections/pushrock.png"
					}
				]
			},
			
			{
				"name": "K5 - Desert Shop",
				"short_name": "K5",
				"map_locations": 
				[
					{
						"map": "first",
						"x": 1420,
						"y": 412
					},
					
					{
						"map": "second",
						"x": 1420,
						"y": 412
					},
					
					{
						"map": "firstmirror",
						"x": 724,
						"y": 412
					},
					
					{
						"map": "secondmirror",
						"x": 724,
						"y": 412
					}
				],
				"sections":
				[
					{
						"name": "Open Cave",
						"capture_item": true,
						"item_count": 1,
						"chest_unopened_img": "images/sections/opencave.png",
						"chest_opened_img": "images/sections/opencave.png"
					}
				]
			},
			
			{
				"name": "L5 - Burn Bush",
				"short_name": "L5",
				"access_rules": [ "candle" ],
				"map_locations": 
				[
					{
						"map": "first",
						"x": 1548,
						"y": 420
					},
					
					{
						"map": "second",
						"x": 1548,
						"y": 420
					},
					
					{
						"map": "firstmirror",
						"x": 596,
						"y": 420
					},
					
					{
						"map": "secondmirror",
						"x": 596,
						"y": 420
					}
				],
				"sections":
				[
					{
						"name": "Burn Bush",
						"capture_item": true,
						"item_count": 1
					}
				]
			}
		]
	}
]