[
	{
		"name": "Forest",
		"color": "#00FF21",
		"chest_unopened_img": "images/sections/burnbush.png",
		"chest_opened_img": "images/sections/stairs.png",
		"children": 
		[
			{
				"name": "M4 - First Quest Level 2",
				"short_name": "M4",
				"map_locations": 
				[
					{
						"map": "first",
						"x": 1644,
						"y": 348
					},
					
					{
						"map": "firstmirror",
						"x": 500,
						"y": 348
					}
				],
				"sections":
				[
					{
						"name": "Open Cave",
						"capture_item": true,
						"item_count": 1,
						"chest_unopened_img": "images/sections/opencave.png",
						"chest_opened_img": "images/sections/opencave.png"
					}
				]
			},
			
			{
				"name": "M4 - Second Quest Level 3",
				"short_name": "M4",
				"access_rules": [ "recorder" ],
				"map_locations": 
				[
					{
						"map": "second",
						"x": 1648,
						"y": 348
					},
					
					{
						"map": "secondmirror",
						"x": 496,
						"y": 348
					}
				],
				"sections":
				[
					{
						"name": "Use Recorder",
						"capture_item": true,
						"item_count": 1,
						"chest_unopened_img": "images/sections/recorderwater.png",
					}
				]
			},
			
			{
				"name": "N4 - Upper Forest Armos",
				"short_name": "N4",
				"map_locations": 
				[
					{
						"map": "first",
						"x": 1776,
						"y": 348
					},
					
					{
						"map": "second",
						"x": 1776,
						"y": 348
					},
					
					{
						"map": "firstmirror",
						"x": 368,
						"y": 348
					},
					
					{
						"map": "secondmirror",
						"x": 368,
						"y": 348
					}
				],
				"sections":
				[
					{
						"name": "Under Armos",
						"capture_item": true,
						"item_count": 1,
						"chest_unopened_img": "images/sections/armos.png"
					}
				]
			},
			
			{
				"name": "N5 - Burn Bush",
				"short_name": "N5",
				"access_rules": [ "candle" ],
				"map_locations": 
				[
					{
						"map": "first",
						"x": 1822,
						"y": 452
					},
					
					{
						"map": "second",
						"x": 1822,
						"y": 452
					},
					
					{
						"map": "firstmirror",
						"x": 322,
						"y": 452
					},
					
					{
						"map": "secondmirror",
						"x": 322,
						"y": 452
					}
				],
				"sections":
				[
					{
						"name": "Burn Bush",
						"capture_item": true,
						"item_count": 1
					}
				]
			},
			
			{
				"name": "O5 - Lower Forest Armos",
				"short_name": "O5",
				"map_locations": 
				[
					{
						"map": "first",
						"x": 1904,
						"y": 436
					},
					
					{
						"map": "second",
						"x": 1904,
						"y": 436
					},
					
					{
						"map": "firstmirror",
						"x": 240,
						"y": 436
					},
					
					{
						"map": "secondmirror",
						"x": 240,
						"y": 436
					}
				],
				"sections":
				[
					{
						"name": "Under Armos",
						"capture_item": true,
						"item_count": 1,
						"chest_unopened_img": "images/sections/armos.png"
					}
				]
			},
			
			{
				"name": "L6 - Burn Bush",
				"short_name": "L6",
				"access_rules": [ "candle" ],
				"map_locations": 
				[
					{
						"map": "first",
						"x": 1476,
						"y": 540
					},
					
					{
						"map": "second",
						"x": 1476,
						"y": 540
					},
					
					{
						"map": "firstmirror",
						"x": 668,
						"y": 540
					},
					
					{
						"map": "secondmirror",
						"x": 668,
						"y": 540
					}
				],
				"sections":
				[
					{
						"name": "Burn Bush",
						"capture_item": true,
						"item_count": 1
					}
				]
			},
			
			{
				"name": "O6 - Forest Shop",
				"short_name": "O6",
				"map_locations": 
				[
					{
						"map": "first",
						"x": 1900,
						"y": 500
					},
					
					{
						"map": "second",
						"x": 1900,
						"y": 500
					},
					
					{
						"map": "firstmirror",
						"x": 244,
						"y": 500
					},
					
					{
						"map": "secondmirror",
						"x": 244,
						"y": 500
					}
				],
				"sections":
				[
					{
						"name": "Open Cave",
						"capture_item": true,
						"item_count": 1,
						"chest_unopened_img": "images/sections/opencave.png",
						"chest_opened_img": "images/sections/opencave.png"
					}
				]
			},
			
			{
				"name": "L7 - Burn Bush",
				"short_name": "L7",
				"access_rules": [ "candle" ],
				"map_locations": 
				[
					{
						"map": "first",
						"x": 1524,
						"y": 628
					},
					
					{
						"map": "second",
						"x": 1524,
						"y": 628,
						"visibility_rules": [ "mixedquest" ]
					},
					
					{
						"map": "firstmirror",
						"x": 620,
						"y": 628
					},
					
					{
						"map": "secondmirror",
						"x": 620,
						"y": 628,
						"visibility_rules": [ "mixedquest" ]
					}
				],
				"sections":
				[
					{
						"name": "Burn Bush",
						"capture_item": true,
						"item_count": 1
					}
				]
			},
			
			{
				"name": "M7 - Burn Bush",
				"short_name": "M7",
				"access_rules": [ "candle" ],
				"map_locations": 
				[
					{
						"map": "first",
						"x": 1628,
						"y": 596,
						"visibility_rules": [ "mixedquest" ]
					},
					
					{
						"map": "second",
						"x": 1628,
						"y": 596
					},
					
					{
						"map": "firstmirror",
						"x": 516,
						"y": 596,
						"visibility_rules": [ "mixedquest" ]
					},
					
					{
						"map": "secondmirror",
						"x": 516,
						"y": 596
					}
				],
				"sections":
				[
					{
						"name": "Burn Bush",
						"capture_item": true,
						"item_count": 1
					}
				]
			},
			
			{
				"name": "N7 - First Quest Level 8",
				"short_name": "N7",
				"access_rules": [ "candle" ],
				"map_locations": 
				[
					{
						"map": "first",
						"x": 1796,
						"y": 596
					},
					
					{
						"map": "second",
						"x": 1796,
						"y": 596,
						"visibility_rules": [ "mixedquest" ]
					},
					
					{
						"map": "firstmirror",
						"x": 348,
						"y": 596
					},
					
					{
						"map": "secondmirror",
						"x": 348,
						"y": 596,
						"visibility_rules": [ "mixedquest" ]
					}
				],
				"sections":
				[
					{
						"name": "Burn Bush",
						"capture_item": true,
						"item_count": 1
					}
				]
			},
			
			{
				"name": "O7 - Recorder Spot",
				"short_name": "O7",
				"access_rules": [ "recorder" ],
				"map_locations": 
				[
					{
						"map": "first",
						"x": 1904,
						"y": 620,
						"visibility_rules": [ "mixedquest" ]
					},
					
					{
						"map": "second",
						"x": 1904,
						"y": 620
					},
					
					{
						"map": "firstmirror",
						"x": 240,
						"y": 620,
						"visibility_rules": [ "mixedquest" ]
					},
					
					{
						"map": "secondmirror",
						"x": 240,
						"y": 620
					}
				],
				"sections":
				[
					{
						"name": "Use Recorder",
						"capture_item": true,
						"item_count": 1,
						"chest_unopened_img": "images/sections/recorderwater.png"
					}
				]
			}
		]
	}
]