[
	{
		"name": "Lost Hills",
		"color": "#FFFFFF",
		"chest_unopened_img": "images/sections/opencave.png",
		"chest_opened_img": "images/sections/opencave.png",
		"children": 
		[
			{
				"name": "L1 - First Quest Level 5",
				"short_name": "L1",
				"map_locations": 
				[
					{
						"map": "first",
						"x": 1516,
						"y": 84,
					},
					
					{
						"map": "firstmirror",
						"x": 628,
						"y": 84,
					}
				],
				"sections":
				[
					{
						"name": "Open Cave",
						"capture_item": true,
						"item_count": 1
					}
				]
			},
			
			{
				"name": "M1 - Lost Hills Shop",
				"short_name": "M1",
				"map_locations": 
				[
					{
						"map": "first",
						"x": 1652,
						"y": 60
					},
					
					{
						"map": "second",
						"x": 1652,
						"y": 60
					},
					
					{
						"map": "firstmirror",
						"x": 492,
						"y": 60
					},
					
					{
						"map": "secondmirror",
						"x": 492,
						"y": 60
					}
				],
				"sections":
				[
					{
						"name": "Open Cave",
						"capture_item": true,
						"item_count": 1
					}
				]
			},
			
			{
				"name": "N1 - Bomb Wall",
				"short_name": "N1",
				"access_rules": [ "bomb" ],
				"map_locations": 
				[
					{
						"map": "first",
						"x": 1788,
						"y": 60
					},
					
					{
						"map": "second",
						"x": 1788,
						"y": 60
					},
					
					{
						"map": "firstmirror",
						"x": 356,
						"y": 60
					},
					
					{
						"map": "secondmirror",
						"x": 356,
						"y": 60
					}
				],
				"sections":
				[
					{
						"name": "Bomb Wall",
						"capture_item": true,
						"item_count": 1,
						"chest_unopened_img": "images/sections/bombwall.png"
					}
				]
			},
			
			{
				"name": "L2 - Push Rock",
				"short_name": "L2",
				"access_rules": [ "powerbracelet" ],
				"map_locations": 
				[
					{
						"map": "first",
						"x": 1556,
						"y": 180,
						"visibility_rules": [ "mixedquest" ]
					},
					
					{
						"map": "second",
						"x": 1556,
						"y": 180
					},
					
					{
						"map": "firstmirror",
						"x": 588,
						"y": 180,
						"visibility_rules": [ "mixedquest" ]
					},
					
					{
						"map": "secondmirror",
						"x": 588,
						"y": 180
					}
				],
				"sections":
				[
					{
						"name": "Push Rock",
						"capture_item": true,
						"item_count": 1,
						"chest_unopened_img": "images/sections/pushrock.png",
						"chest_opened_img": "images/sections/stairs.png"
					}
				]
			},
			
			{
				"name": "M2 - Lost Hills Armos",
				"short_name": "M2",
				"map_locations": 
				[
					{
						"map": "first",
						"x": 1668,
						"y": 172
					},
					
					{
						"map": "second",
						"x": 1668,
						"y": 172
					},
					
					{
						"map": "firstmirror",
						"x": 476,
						"y": 172
					},
					
					{
						"map": "secondmirror",
						"x": 476,
						"y": 172
					}
				],
				"sections":
				[
					{
						"name": "Under Armos",
						"capture_item": true,
						"item_count": 1,
						"chest_unopened_img": "images/sections/armos.png",
						"chest_opened_img": "images/sections/stairs.png"
					}
				]
			},
			
			{
				"name": "N2 - Lost Hills Warp",
				"short_name": "N2",
				"access_rules": [ "powerbracelet" ],
				"map_locations": 
				[
					{
						"map": "first",
						"x": 1740,
						"y": 180
					},
					
					{
						"map": "second",
						"x": 1740,
						"y": 180
					},
					
					{
						"map": "firstmirror",
						"x": 404,
						"y": 180
					},
					
					{
						"map": "secondmirror",
						"x": 404,
						"y": 180
					}
				],
				"sections":
				[
					{
						"name": "Push Rock",
						"capture_item": true,
						"item_count": 1,
						"chest_unopened_img": "images/sections/pushrock.png",
						"chest_opened_img": "images/sections/stairs.png"
					}
				]
			}
		]
	}
]