[
	{
		"name": "Start",
		"color": "#4CFF00",
		"chest_unopened_img": "images/sections/bombwall.png",
		"chest_opened_img": "images/sections/opencave.png",
		"children": 
		[
			{
				"name": "I6 - Recorder Spot",
				"short_name": "I6",
				"access_rules": [ "recorder" ],
				"map_locations": 
				[
					{
						"map": "first",
						"x": 1136,
						"y": 532,
						"visibility_rules": [ "mixedquest" ]
					},
					
					{
						"map": "second",
						"x": 1136,
						"y": 532
					},
					
					{
						"map": "firstmirror",
						"x": 1008,
						"y": 532,
						"visibility_rules": [ "mixedquest" ]
					},
					
					{
						"map": "secondmirror",
						"x": 1008,
						"y": 532
					}
				],
				"sections":
				[
					{
						"name": "Use Recorder",
						"capture_item": true,
						"item_count": 1,
						"chest_unopened_img": "images/sections/recorderwater.png",
						"chest_opened_img": "images/sections/stairs.png"
					}
				]
			},
			
			{
				"name": "G7 - Start Shop",
				"short_name": "G7",
				"map_locations": 
				[
					{
						"map": "first",
						"x": 876,
						"y": 588
					},
					
					{
						"map": "second",
						"x": 876,
						"y": 588
					},
					
					{
						"map": "firstmirror",
						"x": 1268,
						"y": 588
					},
					
					{
						"map": "secondmirror",
						"x": 1268,
						"y": 588
					}
				],
				"sections":
				[
					{
						"name": "Open Cave",
						"capture_item": true,
						"item_count": 1,
						"chest_unopened_img": "images/sections/opencave.png"
					}
				]
			},
			
			{
				"name": "H7 - Bomb Wall",
				"short_name": "H7",
				"access_rules": [ "bomb" ],
				"map_locations": 
				[
					{
						"map": "first",
						"x": 1008,
						"y": 588
					},
					
					{
						"map": "second",
						"x": 1008,
						"y": 588,
						"visibility_rules": [ "mixedquest" ]
					},
					
					{
						"map": "firstmirror",
						"x": 1136,
						"y": 588
					},
					
					{
						"map": "secondmirror",
						"x": 1136,
						"y": 588,
						"visibility_rules": [ "mixedquest" ]
					}
				],
				"sections":
				[
					{
						"name": "Bomb Wall",
						"capture_item": true,
						"item_count": 1
					}
				]
			},
			
			{
				"name": "I7 - Burn Bush",
				"short_name": "I7",
				"access_rules": [ "candle" ],
				"map_locations": 
				[
					{
						"map": "first",
						"x": 1092,
						"y": 628,
					},
					
					{
						"map": "second",
						"x": 1092,
						"y": 628
					},
					
					{
						"map": "firstmirror",
						"x": 1052,
						"y": 628,
					},
					
					{
						"map": "secondmirror",
						"x": 1052,
						"y": 628
					}
				],
				"sections":
				[
					{
						"name": "Burn Bush",
						"capture_item": true,
						"item_count": 1,
						"chest_unopened_img": "images/sections/burnbush.png",
						"chest_opened_img": "images/sections/stairs.png"
					}
				]
			},
			
			{
				"name": "G8 - Bomb Wall",
				"short_name": "G8",
				"access_rules": [ "bomb" ],
				"map_locations": 
				[
					{
						"map": "first",
						"x": 868,
						"y": 676
					},
					
					{
						"map": "second",
						"x": 868,
						"y": 676
					},
					
					{
						"map": "firstmirror",
						"x": 1276,
						"y": 676
					},
					
					{
						"map": "secondmirror",
						"x": 1276,
						"y": 676
					}
				],
				"sections":
				[
					{
						"name": "Bomb Wall",
						"capture_item": true,
						"item_count": 1,
						"chest_unopened_img": "images/sections/recorderwater.png",
						"chest_opened_img": "images/sections/stairs.png"
					}
				]
			},
			
			{
				"name": "H8 - First Quest Wood Sword",
				"short_name": "H8",
				"map_locations": 
				[
					{
						"map": "first",
						"x": 980,
						"y": 676
					},
					
					{
						"map": "second",
						"x": 980,
						"y": 676
					},
					
					{
						"map": "firstmirror",
						"x": 1164,
						"y": 532
					},
					
					{
						"map": "secondmirror",
						"x": 1164,
						"y": 532
					}
				],
				"sections":
				[
					{
						"name": "Open Cave",
						"capture_item": true,
						"item_count": 1,
						"chest_unopened_img": "images/sections/opencave.png",
						"chest_opened_img": "images/sections/opencave.png"
					}
				]
			},
			
			{
				"name": "I8 - Burn Bush",
				"short_name": "I8",
				"access_rules": [ "candle" ],
				"map_locations": 
				[
					{
						"map": "first",
						"x": 1108,
						"y": 716
					},
					
					{
						"map": "second",
						"x": 1108,
						"y": 716
					},
					
					{
						"map": "firstmirror",
						"x": 1036,
						"y": 716
					},
					
					{
						"map": "secondmirror",
						"x": 1036,
						"y": 716
					}
				],
				"sections":
				[
					{
						"name": "Burn Bush",
						"capture_item": true,
						"item_count": 1,
						"chest_unopened_img": "images/sections/burnbush.png",
						"chest_opened_img": "images/sections/stairs.png"
					}
				]
			},
			
			{
				"name": "J8 - Start Warp",
				"short_name": "J8",
				"access_rules": [ "powerbracelet" ],
				"map_locations": 
				[
					{
						"map": "first",
						"x": 1268,
						"y": 708
					},
					
					{
						"map": "second",
						"x": 1268,
						"y": 708
					},
					
					{
						"map": "firstmirror",
						"x": 876,
						"y": 708
					},
					
					{
						"map": "secondmirror",
						"x": 876,
						"y": 708
					}
				],
				"sections":
				[
					{
						"name": "Push Rock",
						"capture_item": true,
						"item_count": 1,
						"chest_unopened_img": "images/sections/pushrock.png",
						"chest_opened_img": "images/sections/stairs.png"
					}
				]
			}
		]
	}
]