[
  // Boots
  {
    "name": "Boots",
    "type": "progressive_toggle",
	"stages": [
	  {
        "img": "images/items/boots.png",
        "codes": "boot,boots"
      },
	  {
        "img": "images/items/bootsw.png",
        "codes": "boot,boots"
      },
	  {
        "img": "images/items/bootse.png",
        "codes": "boot,boots"
      },
	  {
        "img": "images/items/bootsdm.png",
        "codes": "boot,boots"
      },
	  {
        "img": "images/items/bootsmi.png",
        "codes": "boot,boots"
      },
	  {
        "img": "images/items/bootspalace.png",
        "codes": "boot,boots"
      }
	]
  },
  
  // Candle
  {
    "name": "Candle",
    "type": "progressive_toggle",
	"stages": [
	  {
        "img": "images/items/candle.png",
        "codes": "candle"
	  },
	  {
        "img": "images/items/candlew.png",
        "codes": "candle"
	  },
	  {
        "img": "images/items/candlee.png",
        "codes": "candle"
	  },
	  {
        "img": "images/items/candledm.png",
        "codes": "candle"
	  },
	  {
        "img": "images/items/candlemi.png",
        "codes": "candle"
	  },
	  {
        "img": "images/items/candlepalace.png",
        "codes": "candle"
	  },
	]
  },
  
  // Cross
  {
    "name": "Cross",
    "type": "progressive_toggle",
	"stages": [
	  {
		"img": "images/items/cross.png",
		"codes": "cross"
	  },
	  {
		"img": "images/items/crossw.png",
		"codes": "cross"
	  },
	  {
		"img": "images/items/crosse.png",
		"codes": "cross"
	  },
	  {
		"img": "images/items/crossdm.png",
		"codes": "cross"
	  },
	  {
		"img": "images/items/crossmi.png",
		"codes": "cross"
	  },
	  {
		"img": "images/items/crosspalace.png",
		"codes": "cross"
	  }
	]
  },
  
  // Downstab
  {
    "name": "Downstab",
    "type": "toggle",
    "img": "images/items/downstabman.png",
    "codes": "downstab"
  },
  
  // Flute
  {
    "name": "Flute",
    "type": "progressive_toggle",
	"stages": [
	  {
		"img": "images/items/flute.png",
		"codes": "flute,recorder"
	  },
	  {
		"img": "images/items/flutew.png",
		"codes": "flute,recorder"
      },
	  {
		"img": "images/items/flutee.png",
		"codes": "flute,recorder"
      },
	  {
		"img": "images/items/flutedm.png",
		"codes": "flute,recorder"
      },
	  {
		"img": "images/items/flutemi.png",
		"codes": "flute,recorder"
      },
	  {
		"img": "images/items/flutepalace.png",
		"codes": "flute,recorder"
      }
	]
  },
  
  // Glove
  {
    "name": "Glove",
    "type": "progressive_toggle",
	"stages": [
	  {
        "img": "images/items/glove.png",
        "codes": "glove,gauntlet"
	  },
	  {
        "img": "images/items/glovew.png",
        "codes": "glove,gauntlet"
	  },
	  {
        "img": "images/items/glovee.png",
        "codes": "glove,gauntlet"
	  },
	  {
        "img": "images/items/glovedm.png",
        "codes": "glove,gauntlet"
	  },
	  {
        "img": "images/items/glovemi.png",
        "codes": "glove,gauntlet"
	  },
	  {
        "img": "images/items/glovepalace.png",
        "codes": "glove,gauntlet"
	  }
	]
  },
  
  // Hammer
  {
    "name": "Hammer",
    "type": "progressive_toggle",
	"stages": [
	  {
		"img": "images/items/hammer.png",
		"codes": "hammer"
	  },
      {
		"img": "images/items/hammerw.png",
		"codes": "hammer"
	  },
	  {
		"img": "images/items/hammere.png",
		"codes": "hammer"
	  },
	  {
		"img": "images/items/hammerdm.png",
		"codes": "hammer"
	  },
	  {
		"img": "images/items/hammermi.png",
		"codes": "hammer"
	  },
	  {
		"img": "images/items/hammerpalace.png",
		"codes": "hammer"
	  }
	]
  },
  
  // Kid
  {
    "name": "Kid",
    "type": "progressive_toggle",
	"stages": [
	  {
        "img": "images/items/kid.png",
        "codes": "kid,child"
	  },
	  {
        "img": "images/items/kidw.png",
        "codes": "kid,child"
	  },
	  {
        "img": "images/items/kide.png",
        "codes": "kid,child"
	  },
	  {
        "img": "images/items/kiddm.png",
        "codes": "kid,child"
	  },
	  {
        "img": "images/items/kidmi.png",
        "codes": "kid,child"
	  },
	  {
        "img": "images/items/kidpalace.png",
        "codes": "kid,child"
	  }
	]
  },
  
  // Magic Key
  {
    "name": "Magic Key",
    "type": "progressive_toggle",
	"stages": [
	  {
        "img": "images/items/magickey.png",
        "codes": "magickey,anykey"
      },
	  {
        "img": "images/items/magickeyw.png",
        "codes": "magickey,anykey"
      },
	  {
        "img": "images/items/magickeye.png",
        "codes": "magickey,anykey"
      },
	  {
        "img": "images/items/magickeydm.png",
        "codes": "magickey,anykey"
      },
	  {
        "img": "images/items/magickeymi.png",
        "codes": "magickey,anykey"
      },
	  {
        "img": "images/items/magickeypalace.png",
        "codes": "magickey,anykey"
      }
	]
  },
  
  // Raft
  {
    "name": "Raft",
    "type": "progressive_toggle",
	"stages": [
	  {
        "img": "images/items/raft.png",
        "codes": "raft"
	  },
	  {
        "img": "images/items/raftw.png",
        "codes": "raft"
	  },
	  {
        "img": "images/items/raftdm.png",
        "codes": "raft"
	  },
	  {
        "img": "images/items/raftpalace.png",
        "codes": "raft"
	  }
	]
  },
  
  // Trophy
  {
    "name": "Trophy",
    "type": "progressive_toggle",
	"stages": [
	  {
	    "img": "images/items/trophy.png",
        "codes": "trophy,figurine,statue"
	  },
	  {
	    "img": "images/items/trophyw.png",
        "codes": "trophy,figurine,statue"
	  },
	  {
	    "img": "images/items/trophye.png",
        "codes": "trophy,figurine,statue"
	  },
	  {
	    "img": "images/items/trophydm.png",
        "codes": "trophy,figurine,statue"
	  },
	  {
	    "img": "images/items/trophymi.png",
        "codes": "trophy,figurine,statue"
	  },
	  {
	    "img": "images/items/trophypalace.png",
        "codes": "trophy,figurine,statue"
	  }
	]
  },
  
  // Upstab
  {
    "name": "Upstab",
    "type": "toggle",
    "img": "images/items/upstabman.png",
    "codes": "upstab"
  },
  
  // Water of Life
  {
    "name": "Water of Life",
    "type": "progressive_toggle",
	"stages": [
	  {
	    "img": "images/items/wateroflife.png",
        "codes": "wateroflife,medicine"
	  },
	  {
	    "img": "images/items/wateroflifew.png",
        "codes": "wateroflife,medicine"
	  },
	  {
	    "img": "images/items/wateroflifee.png",
        "codes": "wateroflife,medicine"
	  },
	  {
	    "img": "images/items/wateroflifedm.png",
        "codes": "wateroflife,medicine"
	  },
	  {
	    "img": "images/items/wateroflifemi.png",
        "codes": "wateroflife,medicine"
	  },
	  {
	    "img": "images/items/wateroflifepalace.png",
        "codes": "wateroflife,medicine"
	  }
	]
  }, 
  
  // Candle and Glove
  {
    "name": "Candle and Glove",
    "type": "composite_toggle",
    "codes": "candleglove,candlegauntlet",
    "item_left": "candle",
    "item_right": "glove",
    "images": [
      {
        "left": false,
        "right": false,
        "img": "images/items/candleglove.png",
        "img_mods": "@disabled"
      },
      {
        "left": true,
        "right": false,
        "img": "images/items/candlegloveleft.png"
      },
      {
        "left": false,
        "right": true,
        "img": "images/items/candlegloveright.png"
      },
      {
        "left": true,
        "right": true,
        "img": "images/items/candleglove.png"
      }
    ]
  },
  
  // Raft and Boots
  {
    "name": "Raft and Boots",
    "type": "composite_toggle",
    "codes": "raftboots",
    "item_left": "raft",
    "item_right": "boots",
    "images": [
      {
        "left": false,
        "right": false,
        "img": "images/items/raftboots.png",
        "img_mods": "@disabled"
      },
      {
        "left": true,
        "right": false,
        "img": "images/items/raftbootsleft.png"
      },
      {
        "left": false,
        "right": true,
        "img": "images/items/raftbootsright.png"
      },
      {
        "left": true,
        "right": true,
        "img": "images/items/raftboots.png"
      }
    ]
  },
  
  // Flute and Cross
  {
    "name": "Flute and Cross",
    "type": "composite_toggle",
    "codes": "flutecross",
    "item_left": "flute",
    "item_right": "cross",
    "images": [
      {
        "left": false,
        "right": false,
        "img": "images/items/flutecross.png",
        "img_mods": "@disabled"
      },
      {
        "left": true,
        "right": false,
        "img": "images/items/flutecrossleft.png"
      },
      {
        "left": false,
        "right": true,
        "img": "images/items/flutecrossright.png"
      },
      {
        "left": true,
        "right": true,
        "img": "images/items/flutecross.png"
      }
    ]
  },
  
  // Hammer and Magic Key
  {
    "name": "Hammer and Magic Key",
    "type": "composite_toggle",
    "codes": "hammerkey",
    "item_left": "hammer",
    "item_right": "magickey",
    "images": [
      {
        "left": false,
        "right": false,
        "img": "images/items/hammerkey.png",
        "img_mods": "@disabled"
      },
      {
        "left": true,
        "right": false,
        "img": "images/items/hammerkeyleft.png"
      },
      {
        "left": false,
        "right": true,
        "img": "images/items/hammerkeyright.png"
      },
      {
        "left": true,
        "right": true,
        "img": "images/items/hammerkey.png"
      }
    ]
  },
  
  
  
  // East PBag Cave
  {
    "name": "East PBag Cave",
    "type": "progressive",
    "allow_disabled": false,
    "stages": [
      {
        "img": "images/itemlocations/eastpbagcave.png",
        "codes": "eastpbagcave"
      },
      {
        "img": "images/itemlocations/eastpbagcavecomplete.png",
        "codes": "eastpbagcave"
      }
    ]
  },
  
  // East PBag Cave 2
  {
    "name": "East PBag Cave 2",
    "type": "progressive",
    "allow_disabled": false,
    "stages": [
      {
        "img": "images/itemlocations/eastpbagcave2.png",
        "codes": "eastpbagcave2"
      },
      {
        "img": "images/itemlocations/eastpbagcave2complete.png",
        "codes": "eastpbagcave2"
      }
    ]
  },

  // Hammer Cave
  {
    "name": "Hammer Cave",
    "type": "progressive",
    "allow_disabled": false,
    "stages": [
      {
        "img": "images/itemlocations/hammercave.png",
        "codes": "hammercave"
      },
      {
        "img": "images/itemlocations/hammercavecomplete.png",
        "codes": "hammercave"
      }
    ]
  },
  
  // Heart Container Cave
  {
    "name": "Heart Container Cave",
    "type": "progressive",
    "allow_disabled": false,
    "stages": [
      {
        "img": "images/itemlocations/heartcontainercave.png",
        "codes": "heartcontainercave,hccave"
      },
      {
        "img": "images/itemlocations/heartcontainercavecomplete.png",
        "codes": "heartcontainercave,hccave"
      }
    ]
  },
  
  // Heart Container Desert
  {
    "name": "Heart Container Desert",
    "type": "progressive",
    "allow_disabled": false,
    "stages": [
      {
        "img": "images/itemlocations/heartcontainerdesert.png",
        "codes": "heartcontainerdesert,hcdesert"
      },
      {
        "img": "images/itemlocations/heartcontainerdesertcomplete.png",
        "codes": "heartcontainerdesert,hcdesert"
      }
    ]
  },
  
  // Heart Container Grass
  {
    "name": "Heart Container Grass",
    "type": "progressive",
    "allow_disabled": false,
    "stages": [
      {
        "img": "images/itemlocations/heartcontainergrass.png",
        "codes": "heartcontainergrass,hcgrass"
      },
      {
        "img": "images/itemlocations/heartcontainergrasscomplete.png",
        "codes": "heartcontainergrass,hcgrass"
      }
    ]
  },
  
  // Heart Container Sea
  {
    "name": "Heart Container Sea",
    "type": "progressive",
    "allow_disabled": false,
    "stages": [
      {
        "img": "images/itemlocations/heartcontainersea.png",
        "codes": "heartcontainersea,hcsea"
      },
      {
        "img": "images/itemlocations/heartcontainerseacomplete.png",
        "codes": "heartcontainersea,hcsea"
      }
    ]
  },
  
  // Kid Maze
  {
    "name": "Kid Maze",
    "type": "progressive",
    "allow_disabled": false,
    "stages": [
      {
        "img": "images/itemlocations/kidmaze.png",
        "codes": "kidmaze,childmaze"
      },
      {
        "img": "images/itemlocations/kidmazecomplete.png",
        "codes": "kidmaze,childmaze"
      }
    ]
  },
  
  // Magic Container Boulder
  {
    "name": "Magic Container Boulder",
    "type": "progressive",
    "allow_disabled": false,
    "stages": [
      {
        "img": "images/itemlocations/magiccontainerboulder.png",
        "codes": "magiccontainerboulder,mcboulder"
      },
      {
        "img": "images/itemlocations/magiccontainerbouldercomplete.png",
        "codes": "magiccontainerboulder,mcboulder"
      }
    ]
  },
  
  // Magic Container Cave
  {
    "name": "Magic Container Cave",
    "type": "progressive",
    "allow_disabled": false,
    "stages": [
      {
        "img": "images/itemlocations/magiccontainercave.png",
        "codes": "magiccontainercave,mccave"
      },
      {
        "img": "images/itemlocations/magiccontainercavecomplete.png",
        "codes": "magiccontainercave,mccave"
      }
    ]
  },
  
  // Magic Container Maze
  {
    "name": "Magic Container Maze",
    "type": "progressive",
    "allow_disabled": false,
    "stages": [
      {
        "img": "images/itemlocations/magiccontainermaze.png",
        "codes": "magiccontainermaze,mcmaze"
      },
      {
        "img": "images/itemlocations/magiccontainermazecomplete.png",
        "codes": "magiccontainermaze,mcmaze"
      }
    ]
  },
  
  // Magic Container New Kasuto
  {
    "name": "Magic Container New Kasuto",
    "type": "progressive",
    "allow_disabled": false,
    "stages": [
      {
        "img": "images/itemlocations/magiccontainernewkasuto.png",
        "codes": "magiccontainernewkasuto,mcnewkasuto,magiccontainertown,mctown"
      },
      {
        "img": "images/itemlocations/magiccontainernewkasutocomplete.png",
        "codes": "magiccontainernewkasuto,mcnewkasuto,magiccontainertown,mctown"
      }
    ]
  },
  
  // Magic Key New Kasuto
  {
    "name": "Magic Key New Kasuto",
    "type": "progressive",
    "allow_disabled": false,
    "stages": [
      {
        "img": "images/itemlocations/magickeynewkasuto.png",
        "codes": "magickeynewkasuto,magickeytown,anykeynewkasuto,anykeytown"
      },
      {
        "img": "images/itemlocations/magickeynewkasutocomplete.png",
        "codes": "magickeynewkasuto,magickeytown,anykeynewkasuto,anykeytown"
      }
    ]
  },
  
  // Trophy Cave
  {
    "name": "Trophy Cave",
    "type": "progressive",
    "allow_disabled": false,
    "stages": [
      {
        "img": "images/itemlocations/trophycave.png",
        "codes": "trophycave,figurinecave,statuecave"
      },
      {
        "img": "images/itemlocations/trophycavecomplete.png",
        "codes": "trophycave,figurinecave,statuecave"
      }
    ]
  },
  
  // Water of Life Cave
  {
    "name": "Water of Life Cave",
    "type": "progressive",
    "allow_disabled": false,
    "stages": [
      {
        "img": "images/itemlocations/wateroflifecave.png",
        "codes": "wateroflifecave,medicinecave"
      },
      {
        "img": "images/itemlocations/wateroflifecavecomplete.png",
        "codes": "wateroflifecave,medicinecave"
      }
    ]
  },
  
  // West PBag Cave
  {
    "name": "West PBag Cave",
    "type": "progressive",
    "allow_disabled": false,
    "stages": [
      {
        "img": "images/itemlocations/westpbagcave.png",
        "codes": "westpbagcave"
      },
      {
        "img": "images/itemlocations/westpbagcavecomplete.png",
        "codes": "westpbagcave"
      }
    ]
  },
  
  // Rauru
  {
    "name": "Rauru",
    "type": "progressive",
	"loop": true,
    "allow_disabled": false,
    "stages": [
      {
        "img": "images/towns/rauru.png",
        "codes": "rauru"
      },
      {
        "img": "images/spells/shield.png",
        "codes": "rauru,shield"
      },
      {
        "img": "images/spells/jump.png",
        "codes": "rauru,jump"
      },
      {
        "img": "images/spells/life.png",
        "codes": "rauru,life"
      },
	  {
        "img": "images/spells/fairy.png",
        "codes": "rauru,fairy"
      },
	  {
        "img": "images/spells/fire.png",
        "codes": "rauru,fire"
      },
	  {
        "img": "images/spells/reflect.png",
        "codes": "rauru,reflect"
      },
	  {
        "img": "images/spells/spell.png",
        "codes": "rauru,spell"
      },
	  {
        "img": "images/spells/thunder.png",
        "codes": "rauru,thunder"
      }
    ]
  },
  
  // Ruto
  {
    "name": "Ruto",
    "type": "progressive",
	"loop": true,
    "allow_disabled": false,
    "stages": [
      {
        "img": "images/towns/ruto.png",
        "codes": "ruto"
      },
      {
        "img": "images/spells/shield.png",
        "codes": "ruto,shield"
      },
      {
        "img": "images/spells/jump.png",
        "codes": "ruto,jump"
      },
      {
        "img": "images/spells/life.png",
        "codes": "ruto,life"
      },
	  {
        "img": "images/spells/fairy.png",
        "codes": "ruto,fairy"
      },
	  {
        "img": "images/spells/fire.png",
        "codes": "ruto,fire"
      },
	  {
        "img": "images/spells/reflect.png",
        "codes": "ruto,reflect"
      },
	  {
        "img": "images/spells/spell.png",
        "codes": "ruto,spell"
      },
	  {
        "img": "images/spells/thunder.png",
        "codes": "ruto,thunder"
      }
    ]
  },
  
  // Saria
  {
    "name": "Saria",
    "type": "progressive",
	"loop": true,
    "allow_disabled": false,
    "stages": [
      {
        "img": "images/towns/saria.png",
        "codes": "saria"
      },
      {
        "img": "images/spells/shield.png",
        "codes": "saria,shield"
      },
      {
        "img": "images/spells/jump.png",
        "codes": "saria,jump"
      },
      {
        "img": "images/spells/life.png",
        "codes": "saria,life"
      },
	  {
        "img": "images/spells/fairy.png",
        "codes": "saria,fairy"
      },
	  {
        "img": "images/spells/fire.png",
        "codes": "saria,fire"
      },
	  {
        "img": "images/spells/reflect.png",
        "codes": "saria,reflect"
      },
	  {
        "img": "images/spells/spell.png",
        "codes": "saria,spell"
      },
	  {
        "img": "images/spells/thunder.png",
        "codes": "saria,thunder"
      }
    ]
  },
  
  // Mido
  {
    "name": "Mido",
    "type": "progressive",
	"loop": true,
    "allow_disabled": false,
    "stages": [
      {
        "img": "images/towns/mido.png",
        "codes": "mido"
      },
      {
        "img": "images/spells/shield.png",
        "codes": "mido,shield"
      },
      {
        "img": "images/spells/jump.png",
        "codes": "mido,jump"
      },
      {
        "img": "images/spells/life.png",
        "codes": "mido,life"
      },
	  {
        "img": "images/spells/fairy.png",
        "codes": "mido,fairy"
      },
	  {
        "img": "images/spells/fire.png",
        "codes": "mido,fire"
      },
	  {
        "img": "images/spells/reflect.png",
        "codes": "mido,reflect"
      },
	  {
        "img": "images/spells/spell.png",
        "codes": "mido,spell"
      },
	  {
        "img": "images/spells/thunder.png",
        "codes": "mido,thunder"
      }
    ]
  },
  
  // Nabooru
  {
    "name": "Nabooru",
    "type": "progressive",
	"loop": true,
    "allow_disabled": false,
    "stages": [
      {
        "img": "images/towns/nabooru.png",
        "codes": "nabooru"
      },
      {
        "img": "images/spells/shield.png",
        "codes": "nabooru,shield"
      },
      {
        "img": "images/spells/jump.png",
        "codes": "nabooru,jump"
      },
      {
        "img": "images/spells/life.png",
        "codes": "nabooru,life"
      },
	  {
        "img": "images/spells/fairy.png",
        "codes": "nabooru,fairy"
      },
	  {
        "img": "images/spells/fire.png",
        "codes": "nabooru,fire"
      },
	  {
        "img": "images/spells/reflect.png",
        "codes": "nabooru,reflect"
      },
	  {
        "img": "images/spells/spell.png",
        "codes": "nabooru,spell"
      },
	  {
        "img": "images/spells/thunder.png",
        "codes": "nabooru,thunder"
      }
    ]
  },

  // Darunia
  {
    "name": "Darunia",
    "type": "progressive",
	"loop": true,
    "allow_disabled": false,
    "stages": [
      {
        "img": "images/towns/darunia.png",
        "codes": "darunia"
      },
      {
        "img": "images/spells/shield.png",
        "codes": "darunia,shield"
      },
      {
        "img": "images/spells/jump.png",
        "codes": "darunia,jump"
      },
      {
        "img": "images/spells/life.png",
        "codes": "darunia,life"
      },
	  {
        "img": "images/spells/fairy.png",
        "codes": "darunia,fairy"
      },
	  {
        "img": "images/spells/fire.png",
        "codes": "darunia,fire"
      },
	  {
        "img": "images/spells/reflect.png",
        "codes": "darunia,reflect"
      },
	  {
        "img": "images/spells/spell.png",
        "codes": "darunia,spell"
      },
	  {
        "img": "images/spells/thunder.png",
        "codes": "darunia,thunder"
      }
    ]
  },
  
  // New Kasuto
  {
    "name": "New Kasuto",
    "type": "progressive",
	"loop": true,
    "allow_disabled": false,
    "stages": [
      {
        "img": "images/towns/newkasuto.png",
        "codes": "newkasuto"
      },
      {
        "img": "images/spells/shield.png",
        "codes": "newkasuto,shield"
      },
      {
        "img": "images/spells/jump.png",
        "codes": "newkasuto,jump"
      },
      {
        "img": "images/spells/life.png",
        "codes": "newkasuto,life"
      },
	  {
        "img": "images/spells/fairy.png",
        "codes": "newkasuto,fairy"
      },
	  {
        "img": "images/spells/fire.png",
        "codes": "newkasuto,fire"
      },
	  {
        "img": "images/spells/reflect.png",
        "codes": "newkasuto,reflect"
      },
	  {
        "img": "images/spells/spell.png",
        "codes": "newkasuto,spell"
      },
	  {
        "img": "images/spells/thunder.png",
        "codes": "newkasuto,thunder"
      },
	  {
        "img": "images/towns/newkasutohidden.png",
        "codes": "newkasuto"
      }
    ]
  },
  
  // Kasuto
  {
    "name": "Kasuto",
    "type": "progressive",
	"loop": true,
    "allow_disabled": false,
    "stages": [
      {
        "img": "images/towns/kasuto.png",
        "codes": "kasuto"
      },
      {
        "img": "images/spells/shield.png",
        "codes": "kasuto,shield"
      },
      {
        "img": "images/spells/jump.png",
        "codes": "kasuto,jump"
      },
      {
        "img": "images/spells/life.png",
        "codes": "kasuto,life"
      },
	  {
        "img": "images/spells/fairy.png",
        "codes": "kasuto,fairy"
      },
	  {
        "img": "images/spells/fire.png",
        "codes": "kasuto,fire"
      },
	  {
        "img": "images/spells/reflect.png",
        "codes": "kasuto,reflect"
      },
	  {
        "img": "images/spells/spell.png",
        "codes": "kasuto,spell"
      },
	  {
        "img": "images/spells/thunder.png",
        "codes": "kasuto,thunder"
      }
    ]
  },

  // Palace 1
  {
    "name": "Palace 1",
    "type": "progressive_toggle",
    "stages": [
      {
		"img": "images/palaces/completepalace.png",
        "disabled_img": "images/palaces/pillar1.png",
		"disabled_img_mods": "",
        "codes": "palace1,parapapalace,desertpalace"
      },
      {
		"img": "images/palaces/completepalacew.png",
        "disabled_img": "images/palaces/pillar1w.png",
		"disabled_img_mods": "",
        "codes": "palace1,parapapalace,desertpalace"
      },
      {
        "img": "images/palaces/completepalacee.png",
        "disabled_img": "images/palaces/pillar1e.png",
		"disabled_img_mods": "",
        "codes": "palace1,parapapalace,desertpalace"
      },
      {
		"img": "images/palaces/completepalacemi.png",
        "disabled_img": "images/palaces/pillar1mi.png",
		"disabled_img_mods": "",
        "codes": "palace1,parapapalace,desertpalace"
      },
	  {
		"img": "images/palaces/completepalacedv.png",
        "disabled_img": "images/palaces/pillar1dv.png",
		"disabled_img_mods": "",
        "codes": "palace1,parapapalace,desertpalace"
      },
	  {
		"img": "images/palaces/completepalaceflute.png",
        "disabled_img": "images/palaces/pillar1flute.png",
		"disabled_img_mods": "",
        "codes": "palace1,parapapalace,desertpalace"
      }
    ]
  },
  
  // Palace 1 Item
  {
    "name": "Palace 1 Item",
    "type": "progressive_toggle",
    "stages": [
      {
        "img": "images/palaces/palace1itemcomplete.png",
		"disabled_img": "images/palaces/palace1item.png",
		"disabled_img_mods": "",
        "codes": "palace1item,desertpalaceitem,parapapalaceitem"
      },
      {
        "img": "images/palaces/palace1itemcomplete.png",
		"disabled_img": "images/palaces/palace1itemhint.png",
		"disabled_img_mods": "",
        "codes": "palace1item,desertpalaceitem,parapapalaceitem"
      }
    ]
  },
  
  // Horsehead
  {
    "name": "Horsehead",
    "type": "toggle",
    "img": "images/palaces/horsehead.png",
    "codes": "horsehead,boss1"
  },  

  // Palace 2
  {
    "name": "Palace 2",
    "type": "progressive_toggle",
	"loop": true,
    "allow_disabled": false,
    "stages": [
      {
		"img": "images/palaces/completepalace.png",
        "disabled_img": "images/palaces/pillar2.png",
		"disabled_img_mods": "",
        "codes": "palace2,midoripalace,swamppalace"
      },
      {
		"img": "images/palaces/completepalacew.png",
        "disabled_img": "images/palaces/pillar2w.png",
		"disabled_img_mods": "",
        "codes": "palace2,midoripalace,swamppalace"
      },
      {
		"img": "images/palaces/completepalacee.png",
        "disabled_img": "images/palaces/pillar2e.png",
		"disabled_img_mods": "",
        "codes": "palace2,midoripalace,swamppalace"
      },
      {
		"img": "images/palaces/completepalacemi.png",
        "disabled_img": "images/palaces/pillar2mi.png",
		"disabled_img_mods": "",
        "codes": "palace2,midoripalace,swamppalace"
      },
	  {
		"img": "images/palaces/completepalacedv.png",
        "disabled_img": "images/palaces/pillar2dv.png",
		"disabled_img_mods": "",
        "codes": "palace2,midoripalace,swamppalace"
      },
	  {
		"img": "images/palaces/completepalaceflute.png",
        "disabled_img": "images/palaces/pillar2flute.png",
		"disabled_img_mods": "",
        "codes": "palace3,islandpalace"
      }
    ]
  },
  
  // Palace 2 Item
  {
    "name": "Palace 2 Item",
    "type": "progressive_toggle",
    "stages": [
      {
        "img": "images/palaces/palace2itemcomplete.png",
		"disabled_img": "images/palaces/palace2item.png",
		"disabled_img_mods": "",
        "codes": "palace2item,swamppalaceitem,midoripalaceitem"
      },
      {
        "img": "images/palaces/palace2itemcomplete.png",
		"disabled_img": "images/palaces/palace2itemhint.png",
		"disabled_img_mods": "",
        "codes": "palace2item,swamppalaceitem,midoripalaceitem"
      }
    ]
  },
  
  // Helmethead
  {
    "name": "Helmethead",
    "type": "toggle",
    "img": "images/palaces/helmethead.png",
    "codes": "helmethead,boss2"
  },

  // Palace 3
  {
    "name": "Palace 3",
    "type": "progressive_toggle",
	"loop": true,
    "allow_disabled": false,
    "stages": [
      {
		"img": "images/palaces/completepalace.png",
        "disabled_img": "images/palaces/pillar3.png",
		"disabled_img_mods": "",
        "codes": "palace3,islandpalace"
      },
      {
		"img": "images/palaces/completepalacew.png",
        "disabled_img": "images/palaces/pillar3w.png",
		"disabled_img_mods": "",
        "codes": "palace3,islandpalace"
      },
      {
		"img": "images/palaces/completepalacee.png",
        "disabled_img": "images/palaces/pillar3e.png",
		"disabled_img_mods": "",
        "codes": "palace3,islandpalace"
      },
      {
		"img": "images/palaces/completepalacemi.png",
        "disabled_img": "images/palaces/pillar3mi.png",
		"disabled_img_mods": "",
        "codes": "palace3,islandpalace"
      },
	  {
		"img": "images/palaces/completepalacedv.png",
        "disabled_img": "images/palaces/pillar3dv.png",
		"disabled_img_mods": "",
        "codes": "palace3,islandpalace"
      },
	  {
		"img": "images/palaces/completepalaceflute.png",
        "disabled_img": "images/palaces/pillar3flute.png",
		"disabled_img_mods": "",
        "codes": "palace3,islandpalace"
      }
    ]
  },
  
  // Palace 3 Item
  {
    "name": "Palace 3 Item",
    "type": "progressive_toggle",
    "stages": [
      {
        "img": "images/palaces/palace3itemcomplete.png",
		"disabled_img": "images/palaces/palace3item.png",
		"disabled_img_mods": "",
        "codes": "palace3item,islandpalaceitem"
      },
      {
        "img": "images/palaces/palace3itemcomplete.png",
		"disabled_img": "images/palaces/palace3itemhint.png",
		"disabled_img_mods": "",
        "codes": "palace3item,islandpalaceitem"
      }
    ]
  },
  
  // Rebonack
  {
    "name": "Rebonack",
    "type": "toggle",
    "img": "images/palaces/rebonack.png",
    "codes": "rebonack,boss3"
  },
  
  // Palace 4
  {
    "name": "Palace 4",
    "type": "progressive_toggle",
	"loop": true,
    "allow_disabled": false,
    "stages": [
      {
		"img": "images/palaces/completepalace.png",
        "disabled_img": "images/palaces/pillar4.png",
		"disabled_img_mods": "",
        "codes": "palace4,mazepalace"
      },
      {
		"img": "images/palaces/completepalacew.png",
        "disabled_img": "images/palaces/pillar4w.png",
		"disabled_img_mods": "",
        "codes": "palace4,mazepalace"
      },
      {
		"img": "images/palaces/completepalacee.png",
        "disabled_img": "images/palaces/pillar4e.png",
		"disabled_img_mods": "",
        "codes": "palace4,mazepalace"
      },
      {
		"img": "images/palaces/completepalacemi.png",
        "disabled_img": "images/palaces/pillar4mi.png",
		"disabled_img_mods": "",
        "codes": "palace4,mazepalace"
      },
	  {
		"img": "images/palaces/completepalacedv.png",
        "disabled_img": "images/palaces/pillar4dv.png",
		"disabled_img_mods": "",
        "codes": "palace4,mazepalace"
      },
	  {
		"img": "images/palaces/completepalaceflute.png",
        "disabled_img": "images/palaces/pillar4flute.png",
		"disabled_img_mods": "",
        "codes": "palace4,mazepalace"
      }
    ]
  },
  
  // Palace 4 Item
  {
    "name": "Palace 4 Item",
    "type": "progressive_toggle",
    "stages": [
      {
        "img": "images/palaces/palace4itemcomplete.png",
		"disabled_img": "images/palaces/palace4item.png",
		"disabled_img_mods": "",
        "codes": "palace4item,mazepalaceitem"
      },
      {
        "img": "images/palaces/palace4itemcomplete.png",
		"disabled_img": "images/palaces/palace4itemhint.png",
		"disabled_img_mods": "",
        "codes": "palace4item,mazepalaceitem"
      }
    ]
  },
  
  // Karock
  {
    "name": "Karock",
    "type": "toggle",
    "img": "images/palaces/karock.png",
    "codes": "karock,boss4"
  },

  // Palace 5
  {
    "name": "Palace 5",
    "type": "progressive_toggle",
	"loop": true,
    "allow_disabled": false,
    "stages": [
      {
		"img": "images/palaces/completepalace.png",
        "disabled_img": "images/palaces/pillar5.png",
		"disabled_img_mods": "",
        "codes": "palace5,oceanpalace,seapalace"
      },
      {
		"img": "images/palaces/completepalacew.png",
        "disabled_img": "images/palaces/pillar5w.png",
		"disabled_img_mods": "",
        "codes": "palace5,oceanpalace,seapalace"
      },
      {
		"img": "images/palaces/completepalacee.png",
        "disabled_img": "images/palaces/pillar5e.png",
		"disabled_img_mods": "",
        "codes": "palace5,oceanpalace,seapalace"
      },
      {
		"img": "images/palaces/completepalacemi.png",
        "disabled_img": "images/palaces/pillar5mi.png",
		"disabled_img_mods": "",
        "codes": "palace5,oceanpalace,seapalace"
      },
	  {
		"img": "images/palaces/completepalacedv.png",
        "disabled_img": "images/palaces/pillar5dv.png",
		"disabled_img_mods": "",
        "codes": "palace5,oceanpalace,seapalace"
      },
	  {
		"img": "images/palaces/completepalaceflute.png",
        "disabled_img": "images/palaces/pillar5flute.png",
		"disabled_img_mods": "",
        "codes": "palace5,oceanpalace,seapalace"
      }
    ]
  },
  
  // Palace 5 Item
  {
    "name": "Palace 5 Item",
    "type": "progressive_toggle",
    "stages": [
      {
        "img": "images/palaces/palace5itemcomplete.png",
		"disabled_img": "images/palaces/palace5item.png",
		"disabled_img_mods": "",
        "codes": "palace5item,oceanpalaceitem,seapalaceitem"
      },
      {
        "img": "images/palaces/palace5itemcomplete.png",
		"disabled_img": "images/palaces/palace5itemhint.png",
		"disabled_img_mods": "",
        "codes": "palace5item,oceanpalaceitem,seapalaceitem"
      }
    ]
  },
  
  // Gooma
  {
    "name": "Gooma",
    "type": "toggle",
    "img": "images/palaces/gooma.png",
    "codes": "gooma,boss5"
  },

  // Palace 6
  {
    "name": "Palace 6",
    "type": "progressive_toggle",
	"loop": true,
    "allow_disabled": false,
    "stages": [
      {
		"img": "images/palaces/completepalace.png",
        "disabled_img": "images/palaces/pillar6.png",
		"disabled_img_mods": "",
        "codes": "palace6,hiddenpalace"
      },
      {
		"img": "images/palaces/completepalacew.png",
        "disabled_img": "images/palaces/pillar6w.png",
		"disabled_img_mods": "",
        "codes": "palace6,hiddenpalace"
      },
      {
		"img": "images/palaces/completepalacee.png",
        "disabled_img": "images/palaces/pillar6e.png",
		"disabled_img_mods": "",
        "codes": "palace6,hiddenpalace"
      },
      {
		"img": "images/palaces/completepalacemi.png",
        "disabled_img": "images/palaces/pillar6mi.png",
		"disabled_img_mods": "",
        "codes": "palace6,hiddenpalace"
      },
	  {
		"img": "images/palaces/completepalacedv.png",
        "disabled_img": "images/palaces/pillar6dv.png",
		"disabled_img_mods": "",
        "codes": "palace6,hiddenpalace"
      },
	  {
		"img": "images/palaces/completepalaceflute.png",
        "disabled_img": "images/palaces/pillar6flute.png",
		"disabled_img_mods": "",
        "codes": "palace6,hiddenpalace"
      }
    ]
  },
  
  // Palace 6 Item
  {
    "name": "Palace 6 Item",
    "type": "progressive_toggle",
    "stages": [
      {
        "img": "images/palaces/palace6itemcomplete.png",
		"disabled_img": "images/palaces/palace6item.png",
		"disabled_img_mods": "",
        "codes": "palace6item,hiddenpalaceitem"
      },
      {
        "img": "images/palaces/palace6itemcomplete.png",
		"disabled_img": "images/palaces/palace6itemhint.png",
		"disabled_img_mods": "",
        "codes": "palace6item,hiddenpalaceitem"
      }
    ]
  },
  
  // Barba
  {
    "name": "Barba",
    "type": "toggle",
    "img": "images/palaces/barba.png",
    "codes": "barba,boss6"
  },
  
  // Great Palace
  {
    "name": "Great Palace",
    "type": "progressive_toggle",
	"loop": true,
    "allow_disabled": false,
    "stages": [
      {
		"img": "images/palaces/completepalace.png",
        "disabled_img": "images/palaces/pillar7.png",
		"disabled_img_mods": "",
        "codes": "greatpalace,palace7"
      },
      {
		"img": "images/palaces/completepalacew.png",
        "disabled_img": "images/palaces/pillar7w.png",
		"disabled_img_mods": "",
        "codes": "greatpalace,palace7"
      },
      {
		"img": "images/palaces/completepalacee.png",
        "disabled_img": "images/palaces/pillar7e.png",
		"disabled_img_mods": "",
        "codes": "greatpalace,palace7"
      },
      {
		"img": "images/palaces/completepalacemi.png",
        "disabled_img": "images/palaces/pillar7mi.png",
		"disabled_img_mods": "",
        "codes": "greatpalace,palace7"
      },
	  {
		"img": "images/palaces/completepalacedv.png",
        "disabled_img": "images/palaces/pillar7dv.png",
		"disabled_img_mods": "",
        "codes": "greatpalace,palace7"
      },
	  {
		"img": "images/palaces/completepalaceflute.png",
        "disabled_img": "images/palaces/pillar7flute.png",
		"disabled_img_mods": "",
        "codes": "greatpalace,palace7"
      }
    ]
  },
  
  // Thunderbird
  {
    "name": "Thunderbird",
    "type": "toggle",
    "img": "images/palaces/thunderbird.png",
    "codes": "thunderbird,boss7"
  },
  
  // The Letter W
  {
    "name": "The Letter W",
	"type": "static",
	"img": "images/directions/letterw.png",
	"codes": "staticw"
  },
  
  // The Letter E
  {
    "name": "The Letter E",
	"type": "static",
	"img": "images/directions/lettere.png",
	"codes": "statice"
  },
  
  // West Hyrule
  {
	"name": "West Hyrule",
	"type": "progressive_toggle",
	"allow_disabled": "false",
	"stages": [
		{
			"img": "images/directions/letterw.png",
			"disabled_img": "images/directions/letterw.png",
			"disabled_img_mods": "",
			"codes": "westhyrule"
		},
		{
			"img": "images/directions/letterwhint.png",
			"disabled_img": "images/directions/letterwhint.png",
			"disabled_img_mods": "",
			"codes": "westhyrule"
		}
	]
  },
  
  // East Hyrule
  {
	"name": "East Hyrule",
	"type": "progressive_toggle",
	"stages": [
		{
			"img": "images/directions/lettere.png",
			"disabled_img": "images/directions/lettere.png",
			"disabled_img_mods": "",
			"codes": "easthyrule"
		},
		{
			"img": "images/directions/letterehint.png",
			"disabled_img": "images/directions/letterehint.png",
			"disabled_img_mods": "",
			"codes": "easthyrule"
		}
	]
  },
  
  // Death Mountain
  {
	"name": "Death Mountain",
	"type": "progressive_toggle",
	"stages": [
		{
			"img": "images/directions/dm.png",
			"disabled_img": "images/directions/dm.png",
			"disabled_img_mods": "",
			"codes": "deathmountain"
		},
		{
			"img": "images/directions/dmhint.png",
			"disabled_img": "images/directions/dmhint.png",
			"disabled_img_mods": "",
			"codes": "deathmountain"
		}
	]
  },
  
  // Maze Island
  {
	"name": "Maze Island",
	"type": "progressive_toggle",
	"stages": [
		{
			"img": "images/directions/mi.png",
			"disabled_img": "images/directions/mi.png",
			"disabled_img_mods": "",
			"codes": "mazeisland"
		},
		{
			"img": "images/directions/mihint.png",
			"disabled_img": "images/directions/mihint.png",
			"disabled_img_mods": "",
			"codes": "mazeisland"
		}
	]
  }
]