{
  "map_enabled": true,
  "auto_pin_capturing_locations": false,
  "auto_unpin_on_clear": true,
  "allow_resize": false,
  "layout_swap_left_right": false,
  "disabled_image_filter": "grayscale, dim",
  "layouts": {
    "shared_item_grid": {
      "type": "array",
      "orientation": "vertical",
      "content": [
          {
          "type": "array",
          "orientation": "vertical",
          "content": [
            {
              "type": "array",
              "orientation": "horizontal",
              "content": [
                {
                  "type": "array",
                  "orientation": "vertical",
                  "content": [
	    		    {
                      "type": "array",
                      "orientation": "horizontal",
                      "content": [
				      {
                        "type": "itemgrid",
                        "margin": "0,0,0,0",
                        "h_alignment": "center",
                        "item_margin": "1,1",
                        "item_size": 36,
                        "rows": [
						  [ ""],
						  [ "staticw", "statice" ],
			  		      [ "rauru", "nabooru" ],
				    	  [ "ruto", "darunia" ],
						  [ "saria", "newkasuto" ],
						  [ "mido", "kasuto" ],
                        ]
                      },
                      {
                        "type": "itemgrid",
                        "margin": "16,0,0,0",
                        "h_alignment": "bottom",
                        "item_margin": "1,1",
                        "item_size": 36,
                        "rows": [
                          [ "candle", "glove", "raft", "boots" ],
                          [ "flute", "cross", "hammer", "magickey" ],
                          [ "downstab", "trophy", "medicine", "kid", "upstab"],
						  [ "staticw", "trophycave", "wateroflifecave", "heartcontainercave", "magiccontainercave"],
						  [ "", "westpbagcave", "heartcontainergrass", "hammercave", "magiccontainerboulder"],
						  [ "statice", "heartcontainerdesert", "heartcontainersea", "eastpbagcave", "eastpbagcave2"],
						  [ "", "magiccontainermaze", "magiccontainernewkasuto", "magickeynewkasuto", "kidmaze"]
                        ]
                      },
                      {
                        "type": "itemgrid",
					    "margin": "16,0,0,0",
                        "h_alignment": "center",
                        "item_margin": "1,1",
                        "item_size": 36,
                        "rows": [
                          [ "palace1", "palace1item"],
                          [ "palace2", "palace2item"],
                          [ "palace3", "palace3item"],
						  [ "palace4", "palace4item"],
						  [ "palace5", "palace5item"],
						  [ "palace6", "palace6item"],
						  [ "greatpalace"]
                        ]
                      }
                    ]
                  }
                ]
              }
            ]
          }
        ]
		}
      ]
    },
    "tracker_default": {
      "type": "container",
      "width": 400,
      //"height": 250,
      "background": "#212121",
      "content": {
        "type": "layout",
        "dropshadow": true,
        "margin": 10,
        "key": "shared_item_grid"
      }
    }
  }
}
