{
	"tracker_broadcast": 
	{
		"type": "array",
		"orientation": "vertical",
		"item_size": 36,
		"margin": "10,10",
		"content": 
		[
			{
				"type": "canvas",
				"width": 144,
				"height": 72,
				"content":
				[
					{
						"type": "item",
						"item": "triforce1",
						"canvas_left": 35,
					},
					
					{
						"type": "item",
						"item": "triforce2",
						"canvas_left": 71,
					},
					
					{
						"type": "item",
						"item": "triforce3",
						"canvas_top": 35,
					},
					
					{
						"type": "item",
						"item": "triforce4",
						"canvas_left": 106,
						"canvas_top": 35,
					},
					
					{
						"type": "item",
						"item": "triforce5",
						"canvas_left": 36,
						"canvas_top": 36,
					},
					
					{
						"type": "item",
						"item": "triforce6",
						"canvas_left": 35,
						"canvas_top": 36,
					},
					
					{
						"type": "item",
						"item": "triforce7",
						"canvas_left": 71,
						"canvas_top": 36,
					},
					
					{
						"type": "item",
						"item": "triforce8",
						"canvas_left": 71,
						"canvas_top": 36,
					}
				]
			},
			{
				"type": "itemgrid",
				"item_margin": "2,2",
				"h_alignment": "center",
				"item_size": 36,
				"rows": [
					[ "powerbracelet", "boomerang", "arrow", "bow", "candle", "raft" ],
					[ "ring", "flute", "book", "letter", "wand", "ladder" ]
				]
			}
		]
	}
}