{
	"tracker_broadcast": 
	{
		"type": "array",
		"orientation": "vertical",
		"margin": "10,10",
		"content": 
		[
			{
				"type": "itemgrid",
				"item_margin": "2,2",
				"h_alignment": "center",
				"rows": [
					[ "ring", "boomerang", "wand", "letter", "bait", "candle" ],
				]
			},
			
			{
				"type": "canvas",
				"width": 216,
				"height": 72,
				"content":
				[
					{
						"type": "item",
						"item": "triforce1",
						"canvas_left": 71,
					},
					
					{
						"type": "item",
						"item": "triforce2",
						"canvas_left": 107,
					},
					
					{
						"type": "item",
						"item": "triforce3",
						"canvas_left": 36,
						"canvas_top": 35
					},
					
					{
						"type": "item",
						"item": "triforce4",
						"canvas_left": 142,
						"canvas_top": 35,
					},
					
					{
						"type": "item",
						"item": "triforce5",
						"canvas_left": 72,
						"canvas_top": 36,
					},
					
					{
						"type": "item",
						"item": "triforce6",
						"canvas_left": 71,
						"canvas_top": 36,
					},
					
					{
						"type": "item",
						"item": "triforce7",
						"canvas_left": 107,
						"canvas_top": 36,
					},
					
					{
						"type": "item",
						"item": "triforce8",
						"canvas_left": 107,
						"canvas_top": 36,
					},
					
					{
						"type": "item",
						"item": "ladder",
					},
					
					{
						"type": "item",
						"item": "powerbracelet",
						"canvas_left": 36
					},
					
					{
						"type": "item",
						"item": "powerbracelet",
						"canvas_left": 36
					},
					
					{
						"type": "item",
						"item": "bow",
						"canvas_left": 144
					},
					
					{
						"type": "item",
						"item": "raft",
						"canvas_left": 180
					},
					
					{
						"type": "item",
						"item": "recorder",
						"canvas_top": 36
					},
					
					{
						"type": "item",
						"item": "arrow",
						"canvas_left": 180,
						"canvas_top": 36
					}
				]
			}
		]
	}
}