{
	"tracker_capture_item": 
	{
		"type": "dock",
		"content":
		[
			{
				"type": "group",
				"header": "Items",
				"background": "#161616",
				"margin": "3,3",
				"content":
				{
					"type": "layout",
					"key": "shared_capture_grid"
				}
			},
			{
				"type": "group",
				"header": "Locations",
				"background": "#161616",
				"margin": "3,3",
				"content": {
					"type": "itemgrid",
					"item_margin": "2,2",
					"rows":
					[
						[ "level9", "hintshop", "smallsecret", "largesecret" ],
						[ "warp1", "warp2", "warp3", "warp4" ],
						[ "woodswordcave", "whiteswordcave", "magicswordcave", "medicineshop" ],
						[ "genericshop", "arrowshop", "baitshop", "bombshop" ],
						[ "blueringshop", "candleshop", "magicshieldshop", "moneymakinggame" ]
					]
				}
			}
		]
	}
}