{
	"overworld_settings_popup":
	{
		"type": "group",
		"header": "Overworld Settings",
		"margin": "0,0,3,0",
		"content":
		{
			"type": "array",
			"orientation": "vertical",
			"dock": "top",
			"h_alignment": "center",
			"content":
			[
				{
					"type": "item",
					"item": "queststate",
					"margin": "0,3,0,0",
					"width": 78,
					"height": 30,
				},
	
				{
					"type": "item",
					"item": "mirrored",
					"margin": "0,3,0,0",
					"width": 128,
					"height": 30,
				},
				
				{
					"type": "item",
					"item": "mixedquest",
					"margin": "0,3,0,0",
					"width": 78,
					"height": 30,
				},
				
				{
					"type": "item",
					"item": "itemicons",
					"margin": "0,3,0,0",
					"width": 144,
					"height": 30,
				}
			]
		}
	},
	"tracker_default": 
	{
		"type": "dock",
		"background": "#101010",
		"width": 780,
		"content":
		[
			{
				"type": "tabbed",
				"dock": "top",
				"tabs":
				[
					{
						"title": "Overworld",
						"content":
						{
							"type": "group",
							"header": "Overworld Map",
							"header_content":
							{
                                "type": "button_popup",
                                "style": "settings",
                                "popup_background": "#FF212121",
                                "layout": "overworld_settings_popup"
							},
							"content":
							{
								"type": "layout",
								"margin": "0,0,0,4",
								"key": "shared_compactmap_grid"
							}
						}
					},
					
					{
						"title": "Dungeons",
						"content":
						{
							"type": "dock",
							"content": 
							[
								{
									"type": "group",
									"header": "Dungeon Map",
									"margin": "0",
									"width": 392,
									"content": 
									{
										"type": "layout",
										"key": "shared_dungeonmap_grid",
										"dock": "left"
									}
								},
								
								{
									"type": "array",
									"width": 385,
									"margin": "3,0,0,0",
									"orientation": "vertical",
									"h_alignment": "left",
									"content":
									[
										{
											"type": "group",
											"header": "Level Select",
											"content": 
											{
												"type": "itemgrid",
												"item_margin": 0,
												"item_width": 48,
												"item_height": 33,
												"h_alignment": "left",
												"rows":
												[
													[ "selectorlevel1", "selectorlevel2", "selectorlevel3" ],
													[ "selectorlevel4", "selectorlevel5", "selectorlevel6" ], 
													[ "selectorlevel7", "selectorlevel8", "selectorlevel9" ]
												]
											}
										},
										
										{
											"type": "group",
											"header": "Dungeon Palette",
											"content":
											{
												"type": "layout",
												"key": "shared_dungeonpalette_grid"
											}
										}
									]
								}
							]
						}
					}
				]
			},
			
			{
				"type": "group",
				"header": "Items",
				"margin": "0,0,3,0",
				"h_alignment": "left",
				"header_content":
				{
                    "type": "button_popup",
                    "style": "settings",
                    "popup_background": "#FF212121",
                    "layout": "triforce_settings_popup"
				},
				"content": 
				{
					"type": "layout",
					"dropshadow": true,
					"key": "shared_item_grid"
				}
			},
			
			{
				"type": "layout",
				"dropshadow": true,
				"margin": "0,0,3,0",
				"key": "shared_dungeonitem_grid",
				"h_alignment": "left"
			},
			
			{
				"type": "group",
				"header": "Overworld Palette",
				"margin": "0,0,3,0",
				"content": 
				{
					"type": "layout",
					"dropshadow": true,
					"key": "shared_palette_grid",
					"h_alignment": "left"
				}
			},
			
		]
	}
}