{
	"tracker_default": 
	{
		"type": "dock",
		"background": "#101010",
		"width": 780,
		"content":
		[
			{
				"type": "group",
				"header": "Overworld Map",
				"dock": "top",
				"content":
				{
					"type": "layout",
					"margin": "0,0,0,4",
					"key": "shared_compactmap_grid"
				}
			},
			
			{
				"type": "group",
				"header": "Items",
				"margin": "0,0,3,0",
				"h_alignment": "left",
				"content": 
				{
					"type": "layout",
					"dropshadow": true,
					"key": "shared_item_grid"
				}
			},
			
			{
				"type": "group",
				"header": "Overworld Palette",
				"margin": "0,0,3,0",
				"content": 
				{
					"type": "layout",
					"dropshadow": true,
					"key": "shared_palette_grid",
					"h_alignment": "left"
				}
			},
			
			{
				"type": "group",
				"header": "Overworld Settings",
				"margin": "0,0,3,0",
				"content":
				{
					"type": "array",
					"orientation": "vertical",
					"h_alignment": "center",
					"content":
					[
						{
							"type": "item",
							"item": "queststate",
							"margin": "0,3,0,0",
							"width": 79,
							"height": 31,
						},
			
						{
							"type": "item",
							"item": "mirrored",
							"margin": "0,3,0,0",
							"width": 129,
							"height": 31,
						},
					
						{
							"type": "item",
							"item": "mixedquest",
							"margin": "0,3,0,0",
							"width": 79,
							"height": 31,
						}
					]
				}
			},
		]
	}
}