{
	"tracker_default": 
	{
		"type": "dock",
		"background": "#101010",
		"width": 780,
		"content":
		[
			{
				"type": "array",
				"orientation": "horizontal",
				"dock": "top",
				"h_alignment": "center",
				"content":
				[
					{
						"type": "item",
						"item": "queststate",
						"margin": "8,0,0,0",
						"width": 78,
						"height": 30,
					},
			
					{
						"type": "item",
						"item": "mirrored",
						"margin": "8,0,0,0",
						"width": 126,
						"height": 30,
					},
					
					{
						"type": "item",
						"item": "mixedquest",
						"margin": "8,0,0,0",
						"width": 78,
						"height": 30,
					},
				]
			},

			{
				"type": "layout",
				"dock": "top",
				"key": "shared_compactmap_grid"
			},
			
			{
				"type": "group",
				"header": "Items",
				"margin": "3,6,3,0",
				"h_alignment": "left",
				"content": 
				{
					"type": "layout",
					"dropshadow": true,
					"key": "shared_item_grid"
				}
			},
			
			{
				"type": "group",
				"header": "Palette",
				"margin": "0,6,3,0",
				"content": 
				{
					"type": "layout",
					"dropshadow": true,
					"key": "shared_palette_grid",
					"h_alignment": "left"
				}
			}
		]
	}
}