{
	"shared_palette_grid": 
	{
		"type": "itemgrid",
		"item_margin": 0,
		"item_width": 48,
		"item_height": 33,
		"rows": 
		[
			[ "palettelevel1", "palettelevel2", "palettelevel3", "palettelevel4", "palettelevelunknown" ],
			[ "palettelevel5", "palettelevel6", "palettelevel7", "palettelevel8", "palettelevel9" ],
			[ "palettewarp1", "palettewarp2", "palettewarp3", "palettewarp4" ],
			[ "palettewoodswordcave", "palettewhiteswordcave", "palettemagicswordcave", "palettetakeany", "paletterupees" ],
			[ "paletteshoparrow", "paletteshopbait", "paletteshopbluering", "paletteshopbomb", "paletteshophint" ],
			[ "paletteshopcandle", "paletteshopkey", "paletteshopmagicshield", "palettemmg", "paletteshopmedicine" ]
		]
	},
	
	// Do not touch this if you don't know exactly what you're doing
	"shared_compactmap_grid":
	{
		"type": "container",
		"content":
		[
			{
				"type": "item",
				"item": "backgroundmap",
				"width": 768,
				"height": 264,
				"hit_test_visible": false
			},
			
			{
				"type": "item",
				"item": "caveoverlay",
				"width": 768,
				"height": 264,
				"hit_test_visible": false
			},
			
			{
				"type": "item",
				"item": "recorderoverlay",
				"width": 768,
				"height": 264,
				"hit_test_visible": false
			},
			
			{
				"type": "item",
				"item": "bomboverlay",
				"width": 768,
				"height": 264,
				"hit_test_visible": false
			},
			
			{
				"type": "item",
				"item": "candleoverlay",
				"width": 768,
				"height": 264,
				"hit_test_visible": false
			},
			
			{
				"type": "item",
				"item": "powerbraceletoverlay",
				"width": 768,
				"height": 264,
				"hit_test_visible": false
			},
			
			{
				"type": "itemgrid",
				"item_margin": 0,
				"item_width": 48,
				"item_height": 33,
				"margin": "0,1,0,0",
				"rows":
				[
					[ "compactmap1", "compactmap2", "compactmap3", "compactmap4", "compactmap5", "compactmap6", "compactmap7", "compactmap8", "compactmap9", "compactmap10", "compactmap11", "compactmap12", "compactmap13", "compactmap14", "compactmap15", "compactmap16" ],
					[ "compactmap17", "compactmap18", "compactmap19", "compactmap20", "compactmap21", "compactmap22", "compactmap23", "compactmap24", "compactmap25", "compactmap26", "compactmap27", "compactmap28", "compactmap29", "compactmap30", "compactmap31", "compactmap32" ],
					[ "compactmap33", "compactmap34", "compactmap35", "compactmap36", "compactmap37", "compactmap38", "compactmap39", "compactmap40", "compactmap41", "compactmap42", "compactmap43", "compactmap44", "compactmap45", "compactmap46", "compactmap47", "compactmap48" ],
					[ "compactmap49", "compactmap50", "compactmap51", "compactmap52", "compactmap53", "compactmap54", "compactmap55", "compactmap56", "compactmap57", "compactmap58", "compactmap59", "compactmap60", "compactmap61", "compactmap62", "compactmap63", "compactmap64" ],
					[ "compactmap65", "compactmap66", "compactmap67", "compactmap68", "compactmap69", "compactmap70", "compactmap71", "compactmap72", "compactmap73", "compactmap74", "compactmap75", "compactmap76", "compactmap77", "compactmap78", "compactmap79", "compactmap80" ],
					[ "compactmap81", "compactmap82", "compactmap83", "compactmap84", "compactmap85", "compactmap86", "compactmap87", "compactmap88", "compactmap89", "compactmap90", "compactmap91", "compactmap92", "compactmap93", "compactmap94", "compactmap95", "compactmap96" ],
					[ "compactmap97", "compactmap98", "compactmap99", "compactmap100", "compactmap101", "compactmap102", "compactmap103", "compactmap104", "compactmap105", "compactmap106", "compactmap107", "compactmap108", "compactmap109", "compactmap110", "compactmap111", "compactmap112" ],
					[ "compactmap113", "compactmap114", "compactmap115", "compactmap116", "compactmap117", "compactmap118", "compactmap119", "compactmap120", "compactmap121", "compactmap122", "compactmap123", "compactmap124", "compactmap125", "compactmap126", "compactmap127", "compactmap128" ]
				]
			}
		]
	}
}