{
	"tracker_default": 
	{
		"type": "dock",
		"background": "#101010",
		"width": 780,
		"content":
		[
			{
				"type": "tabbed",
				"dock": "top",
				"tabs":
				[
					{
						"title": "Overworld",
						"content":
						{
							"type": "group",
							"header": "Overworld Map",
							"content":
							{
								"type": "layout",
								"margin": "0,0,0,4",
								"key": "shared_compactmap_grid"
							}
						}
					},
					
					{
						"title": "Dungeons & Locations",
						"content":
						{
							"type": "dock",
							"content": 
							[
								{
									"type": "group",
									"header": "Dungeon Map",
									"margin": "0",
									"content": 
									{
										"type": "layout",
										"key": "shared_dungeonmap_grid",
										"dock": "left"
									}
								},
								
								{
									"type": "array",
									"width": 210,
									"margin": "3,0,0,0",
									"orientation": "vertical",
									"h_alignment": "left",
									"content":
									[
										{
											"type": "group",
											"header": "Level Select",
											"content": 
											{
												"type": "itemgrid",
												"item_margin": 0,
												"item_width": 48,
												"item_height": 33,
												"rows":
												[
													[ "selectorlevel1", "selectorlevel2", "selectorlevel3" ],
													[ "selectorlevel4", "selectorlevel5", "selectorlevel6" ], 
													[ "selectorlevel7", "selectorlevel8", "selectorlevel9" ]
												]
											}
										},
										
										{
											"type": "group",
											"header": "Dungeon Palette",
											"content":
											{
												"type": "layout",
												"key": "shared_dungeonpalette_grid"
											}
										}
									]
								},
								{
									"type": "array",
									"margin": "3,0,0,0",
									"orientation": "vertical",
									"content":
									[
										{
											"type": "group",
											"header": "Item Locations",
											"content":
											{
												"type": "array",
												"orientation": "horizontal",
												"h_alignment": "center",
												"content":
												[
													{
														"type": "itemgrid",
														"item_margin": 0,
														"item_width": 18,
														"item_height": 18,
														"rows":
														[
															["statico", "staticw"],
															["staticl", "static1"],
															["staticl", "static2"],
															["staticl", "static3"],
															["staticl", "static4"],
															["staticl", "static5"],
															["staticl", "static6"],
															["staticl", "static7"],
															["staticl", "static8"],
															["staticl", "static9"]
														
														]
													},
													
													{
														"type": "itemgrid",
														"item_margin": 0,
														"item_width": 18,
														"item_height": 18,
														"rows":
														[
															["dungeongrid22", "dungeongrid23", "dungeongrid24"],
															["dungeongrid1", "dungeongrid2", "dungeongrid3"],
															["dungeongrid4", "dungeongrid5", ""],
															["dungeongrid6", "dungeongrid7", ""],
															["dungeongrid8", "dungeongrid9", "dungeongrid10"],
															["dungeongrid11", "dungeongrid12", ""],
															["dungeongrid13", "dungeongrid14", ""],
															["dungeongrid15", "dungeongrid16", ""],
															["dungeongrid17", "dungeongrid18", "dungeongrid19"],
															["", "dungeongrid20", "dungeongrid21"]
														]
													}
												]
											}
										},
										{
											"type": "group",
											"header": "Item Location Palette",
											"content":
											{
												"type": "itemgrid",
												"margin": "0,4,0,0",
												"item_margin": 0,
												"item_width": 18,
												"item_height": 18,
												"rows":
												[
													["gridpaletteraft", "gridpalettebook", "gridpaletteredring", "gridpaletteladder", "gridpalettemagickey", "gridpalettepowerbracelet", "gridpaletterecorder", "gridpaletteheartcontainer" ],
													["gridpalettewhitesword", "gridpaletteboomerang", "gridpalettemagicboomerang", "gridpalettesilverarrow", "gridpalettebow", "gridpaletteredcandle", "gridpalettewand", "gridpalettenothing" ]
												]
											}
										}
									]
								}
							]
						}
					}
				]
			},
			
			{
				"type": "group",
				"header": "Items",
				"margin": "0,0,3,0",
				"h_alignment": "left",
				"content": 
				{
					"type": "layout",
					"dropshadow": true,
					"key": "shared_item_grid"
				}
			},
			
			{
				"type": "group",
				"header": "Overworld Palette",
				"margin": "0,0,3,0",
				"content": 
				{
					"type": "layout",
					"dropshadow": true,
					"key": "shared_palette_grid",
					"h_alignment": "left"
				}
			},
			
			{
				"type": "group",
				"header": "Overworld Settings",
				"margin": "0,0,3,0",
				"content":
				{
					"type": "array",
					"orientation": "vertical",
					"dock": "top",
					"h_alignment": "center",
					"content":
					[
						{
							"type": "item",
							"item": "queststate",
							"margin": "0,3,0,0",
							"width": 79,
							"height": 31,
						},
			
						{
							"type": "item",
							"item": "mirrored",
							"margin": "0,3,0,0",
							"width": 129,
							"height": 31,
						},
					
						{
							"type": "item",
							"item": "mixedquest",
							"margin": "0,3,0,0",
							"width": 79,
							"height": 31,
						}
					]
				}
			},
		]
	}
}