{
	"shared_dungeonitem_grid":
	{
	"type": "array",
	"margin": "0,0,0,0",
	"orientation": "vertical",
	"content":
	[
		{
			"type": "group",
			"header": "Item Locations",
			"content":
			{
				"type": "array",
				"orientation": "horizontal",
				"h_alignment": "center",
				"content":
					[
						{
							"type": "itemgrid",
							"item_margin": 0,
							"item_width": 18,
							"item_height": 18,
							"rows":
							[
								["statico", "staticw"],
								["staticl", "static1"],
								["staticl", "static2"],
								["staticl", "static3"],
								["staticl", "static4"],
								["staticl", "static5"],
								["staticl", "static6"],
								["staticl", "static7"],
								["staticl", "static8"],
								["staticl", "static9"]
							]
						},
													
						{
							"type": "itemgrid",
							"item_margin": 0,
							"item_width": 18,
							"item_height": 18,
							"rows":
							[
								["dungeongrid22", "dungeongrid23", "dungeongrid24"],
								["dungeongrid1", "dungeongrid2", "dungeongrid3"],
								["dungeongrid4", "dungeongrid5", ""],
								["dungeongrid6", "dungeongrid7", ""],
								["dungeongrid8", "dungeongrid9", "dungeongrid10"],
								["dungeongrid11", "dungeongrid12", ""],
								["dungeongrid13", "dungeongrid14", ""],
								["dungeongrid15", "dungeongrid16", ""],
								["dungeongrid17", "dungeongrid18", "dungeongrid19"],
								["", "dungeongrid20", "dungeongrid21"]
							]
						}
					]
				}
			},
			{
				"type": "group",
				"header": "Item Location Palette",
				"content":
				{
					"type": "itemgrid",
					"margin": "0,4,0,0",
					"item_margin": 0,
					"item_width": 18,
					"item_height": 18,
					"rows":
					[
						["gridpaletteraft", "gridpalettebook", "gridpaletteredring", "gridpaletteladder", "gridpalettemagickey", "gridpalettepowerbracelet", "gridpaletterecorder", "gridpaletteheartcontainer" ],
						["gridpalettewhitesword", "gridpaletteboomerang", "gridpalettemagicboomerang", "gridpalettesilverarrow", "gridpalettebow", "gridpaletteredcandle", "gridpalettewand", "gridpalettenothing" ]
					]
				}
			}
		]
	}
}
