{
	"shared_dungeonpalette_grid": 
	{
		"type": "itemgrid",
		"item_margin": "0,0,2,2",
		"item_width": 36,
		"item_height": 21,
		"h_alignment": "left",
		"v_alignment": "center",
		"rows": 
		[
			[ "dungeonstairs1", "dungeonstairs2", "dungeonstairs3", "dungeonstairs4", "dungeonstairsunknown" ],
			[ "dungeonstairs5", "dungeonstairs6", "dungeonstairs7", "dungeonstairs8", "dungeonitem" ],
			[ "dungeonhmoat", "dungeonvmoat", "dungeondmoat", "dungeonchevy", "dungeonmoneyorlife"],
			[ "dungeonhchute", "dungeonvchute", "dungeontroom", "dungeonnroom", "dungeonbaitblock"],
			[ "dungeonentrance", "dungeondigdogger", "dungeongohma", "dungeonganon", "dungeonzelda" ]
		]
	},
	
	// Do not touch this if you don't know exactly what you're doing
	"shared_dungeonmap_grid":
	{
		"type": "container",
		"content":
		[
			{
				"type": "itemgrid",
				"item_margin": "0,0,10,10",
				"h_alignment": "left",
				"v_alignment": "center",
				"item_width": 36,
				"item_height": 21,
				"rows":
				[
					["dungeonmap1", "dungeonmap2", "dungeonmap3", "dungeonmap4", "dungeonmap5", "dungeonmap6", "dungeonmap7", "dungeonmap8"],
					["dungeonmap9", "dungeonmap10", "dungeonmap11", "dungeonmap12", "dungeonmap13", "dungeonmap14", "dungeonmap15", "dungeonmap16"],
					["dungeonmap17", "dungeonmap18", "dungeonmap19", "dungeonmap20", "dungeonmap21", "dungeonmap22", "dungeonmap23", "dungeonmap24"],
					["dungeonmap25", "dungeonmap26", "dungeonmap27", "dungeonmap28", "dungeonmap29", "dungeonmap30", "dungeonmap31", "dungeonmap32"],
					["dungeonmap33", "dungeonmap34", "dungeonmap35", "dungeonmap36", "dungeonmap37", "dungeonmap38", "dungeonmap39", "dungeonmap40"], 
					["dungeonmap41", "dungeonmap42", "dungeonmap43", "dungeonmap44", "dungeonmap45", "dungeonmap46", "dungeonmap47", "dungeonmap48"],
					["dungeonmap49", "dungeonmap50", "dungeonmap51", "dungeonmap52", "dungeonmap53", "dungeonmap54", "dungeonmap55", "dungeonmap56"], 
					["dungeonmap57", "dungeonmap58", "dungeonmap59", "dungeonmap60", "dungeonmap61", "dungeonmap62", "dungeonmap63", "dungeonmap64"]
				]
			},
			
			{
				"type": "itemgrid",
				"margin": "21,6,0,0",
				"item_margin": "0,0,38,23",
				"h_alignment": "left",
				"v_alignment": "center",
				"item_width": 8,
				"item_height": 8,
				"rows":
				[
					["dungeonconnectorhorizontal1", "dungeonconnectorhorizontal2", "dungeonconnectorhorizontal3", "dungeonconnectorhorizontal4", "dungeonconnectorhorizontal5", "dungeonconnectorhorizontal6", "dungeonconnectorhorizontal7"],
					["dungeonconnectorhorizontal8", "dungeonconnectorhorizontal9", "dungeonconnectorhorizontal10", "dungeonconnectorhorizontal11", "dungeonconnectorhorizontal12", "dungeonconnectorhorizontal13", "dungeonconnectorhorizontal14"],
					["dungeonconnectorhorizontal15", "dungeonconnectorhorizontal16", "dungeonconnectorhorizontal17", "dungeonconnectorhorizontal18", "dungeonconnectorhorizontal19", "dungeonconnectorhorizontal20", "dungeonconnectorhorizontal21"],
					["dungeonconnectorhorizontal22", "dungeonconnectorhorizontal23", "dungeonconnectorhorizontal24", "dungeonconnectorhorizontal25", "dungeonconnectorhorizontal26", "dungeonconnectorhorizontal27", "dungeonconnectorhorizontal28"],
					["dungeonconnectorhorizontal29", "dungeonconnectorhorizontal30", "dungeonconnectorhorizontal31", "dungeonconnectorhorizontal32", "dungeonconnectorhorizontal33", "dungeonconnectorhorizontal34", "dungeonconnectorhorizontal35"],
					["dungeonconnectorhorizontal36", "dungeonconnectorhorizontal37", "dungeonconnectorhorizontal38", "dungeonconnectorhorizontal39", "dungeonconnectorhorizontal40", "dungeonconnectorhorizontal41", "dungeonconnectorhorizontal42"],
					["dungeonconnectorhorizontal43", "dungeonconnectorhorizontal44", "dungeonconnectorhorizontal45", "dungeonconnectorhorizontal46", "dungeonconnectorhorizontal47", "dungeonconnectorhorizontal48", "dungeonconnectorhorizontal49"],
					["dungeonconnectorhorizontal50", "dungeonconnectorhorizontal51", "dungeonconnectorhorizontal52", "dungeonconnectorhorizontal53", "dungeonconnectorhorizontal54", "dungeonconnectorhorizontal55", "dungeonconnectorhorizontal56"]
				]
			},
			
			{
				"type": "itemgrid",
				"margin": "9.5,6,0,0",
				"item_margin": "0,0,38,23",
				"h_alignment": "left",
				"v_alignment": "center",
				"item_width": 8,
				"item_height": 8,
				"rows":
				[
					["dungeonconnectorvertical1", "dungeonconnectorvertical2", "dungeonconnectorvertical3", "dungeonconnectorvertical4", "dungeonconnectorvertical5", "dungeonconnectorvertical6", "dungeonconnectorvertical7", "dungeonconnectorvertical8"],
					["dungeonconnectorvertical9", "dungeonconnectorvertical10", "dungeonconnectorvertical11", "dungeonconnectorvertical12", "dungeonconnectorvertical13", "dungeonconnectorvertical14", "dungeonconnectorvertical15", "dungeonconnectorvertical16"],
					["dungeonconnectorvertical17", "dungeonconnectorvertical18", "dungeonconnectorvertical19", "dungeonconnectorvertical20", "dungeonconnectorvertical21", "dungeonconnectorvertical22", "dungeonconnectorvertical23", "dungeonconnectorvertical24"],
					["dungeonconnectorvertical25", "dungeonconnectorvertical26", "dungeonconnectorvertical27", "dungeonconnectorvertical28", "dungeonconnectorvertical29", "dungeonconnectorvertical30", "dungeonconnectorvertical31", "dungeonconnectorvertical32"],
					["dungeonconnectorvertical33", "dungeonconnectorvertical34", "dungeonconnectorvertical35", "dungeonconnectorvertical36", "dungeonconnectorvertical37", "dungeonconnectorvertical38", "dungeonconnectorvertical39", "dungeonconnectorvertical40"], 
					["dungeonconnectorvertical41", "dungeonconnectorvertical42", "dungeonconnectorvertical43", "dungeonconnectorvertical44", "dungeonconnectorvertical45", "dungeonconnectorvertical46", "dungeonconnectorvertical47", "dungeonconnectorvertical48"],
					["dungeonconnectorvertical49", "dungeonconnectorvertical50", "dungeonconnectorvertical51", "dungeonconnectorvertical52", "dungeonconnectorvertical53", "dungeonconnectorvertical54", "dungeonconnectorvertical55", "dungeonconnectorvertical56"], 
				]
			},
		]
	}
	
}