{
	"tracker_default": 
	{
		"type": "dock",
		"background": "#101010",
		"width": 405,
		"content": 
		[
			{
				"type": "group",
				"header": "Items",
				"margin": "0,0,3,0",
				"h_alignment": "left",
				"header_content":
				{
                    "type": "button_popup",
                    "style": "settings",
                    "popup_background": "#FF212121",
                    "layout": "triforce_settings_popup"
				},
				"content": 
				{
					"type": "layout",
					"dropshadow": true,
					"key": "shared_item_grid"
				}
			},
			{
				"type": "layout",
				"dropshadow": true,
				"margin": "0,0,3,0",
				"key": "shared_dungeonitem_grid",
				"h_alignment": "left"
			}
		]
	}
}