{
	"tracker_default": 
	{
		"type": "dock",
		"background": "#101010",
		"content":
		[
			{
				"type": "tabbed",
				"dock": "top",
				"tabs":
				[
					{
						"title": "1st Quest",
						"content":
						{
							"type": "map",
							"maps": ["first"]
						}
					},
			
					{
						"title": "1st Quest, Mirrored",
						"content":
						{
							"type": "map",
							"maps": ["firstmirror"]
						}
					},
			
					{
						"title": "2nd Quest",
						"content":
						{
							"type": "map",
							"maps": ["second"]
						}
					},
			
					{
						"title": "2nd Quest, Mirrored",
						"content":
						{
							"type": "map",
							"maps": ["secondmirror"]
						}
					}
				]
			},
			
			{
				"type": "item",
				"item": "mixedquest",
				"margin": "44,0,0,0",
				"width": 78,
				"height": 30,
				"dock": "top",
				"h_alignment": "left"
			},
			
			{
				"type": "group",
				"header": "Items",
				"margin": "3,6,3,0",
				"h_alignment": "left",
				"content": 
				{
					"type": "layout",
					"dropshadow": true,
					"key": "shared_item_grid"
				}
			},
			
			{
				"type": "group",
				"header": "Pinned Locations",
				"margin": "0,6,3,0",
				"content": 
				{
					"type": "recentpins",
					"style": "wrap",
					"v_alignment": "stretch",
					"orientation": "horizontal"
				}
			}
		]
	}
}