{
	"overworld_settings_popup":
	{
		"type": "item",
		"item": "mixedquest",
		"margin": 10,
		"width": 78,
		"height": 30		
	},
	"tracker_default": 
	{
		"type": "dock",
		"background": "#101010",
		"content":
		[
			{
				"type": "tabbed",
				"dock": "top",
				"tabs":
				[
					{
						"title": "1st Quest",
						"content":
						{
							"type": "group",
							"header": "Overworld Map",
							"header_content":
							{
                                "type": "button_popup",
                                "style": "settings",
                                "popup_background": "#FF212121",
                                "layout": "overworld_settings_popup"
							},
							"content": 
							{
								"type": "map",
								"maps": ["first"]
							}
						}
					},
			
					{
						"title": "1st Quest, Mirrored",
						"content":
						{
							"type": "group",
							"header": "Overworld Map",
							"header_content":
							{
                                "type": "button_popup",
                                "style": "settings",
                                "popup_background": "#FF212121",
                                "layout": "overworld_settings_popup"
							},
							"content": 
							{
								"type": "map",
								"maps": ["firstmirror"]
							}
						}
					},
			
					{
						"title": "2nd Quest",
						"content":
						{
							"type": "group",
							"header": "Overworld Map",
							"header_content":
							{
                                "type": "button_popup",
                                "style": "settings",
                                "popup_background": "#FF212121",
                                "layout": "overworld_settings_popup"
							},
							"content": 
							{
								"type": "map",
								"maps": ["second"]
							}
						}
					},
			
					{
						"title": "2nd Quest, Mirrored",
						"content":
						{
							"type": "group",
							"header": "Overworld Map",
							"header_content":
							{
                                "type": "button_popup",
                                "style": "settings",
                                "popup_background": "#FF212121",
                                "layout": "overworld_settings_popup"
							},
							"content": 
							{
								"type": "map",
								"maps": ["secondmirror"]
							}
						}
					},
					
					{
						"title": "Dungeons",
						"content":
						{
							"type": "dock",
							"h_alignment": "center",
							"content": 
							[
								{
									"type": "group",
									"header": "Dungeon Map",
									"margin": "0,0,0,0",
									"content": 
									{
										"type": "layout",
										"key": "shared_dungeonmap_grid",
										"dock": "left"
									}
								},
								
								{
									"type": "array",
									"width": 216,
									"margin": "3,0,0,0",
									"orientation": "vertical",
									"h_alignment": "left",
									"content":
									[
										{
											"type": "group",
											"header": "Level Select",
											"content": 
											{
												"type": "itemgrid",
												"item_margin": 0,
												"item_width": 48,
												"item_height": 33,
												"rows":
												[
													[ "selectorlevel1", "selectorlevel2", "selectorlevel3" ],
													[ "selectorlevel4", "selectorlevel5", "selectorlevel6" ], 
													[ "selectorlevel7", "selectorlevel8", "selectorlevel9" ]
												]
											}
										},
										
										{
											"type": "group",
											"header": "Dungeon Palette",
											"content":
											{
												"type": "layout",
												"key": "shared_dungeonpalette_grid"
											}
										}
									]
								}
							]
						}
					}
				]
			},
			
			{
				"type": "group",
				"header": "Items",
				"margin": "3,6,3,0",
				"h_alignment": "left",
				"header_content":
				{
                    "type": "button_popup",
                    "style": "settings",
                    "popup_background": "#FF212121",
                    "layout": "triforce_settings_popup"
				},
				"content": 
				{
					"type": "layout",
					"dropshadow": true,
					"key": "shared_item_grid"
				}
			},
			
			{
				"type": "group",
				"header": "Dungeon Items",
				"margin": "0,6,3,0",
				"content":
				{
					"type": "map",
					"margin": "0",
					"maps": ["dungeonmapgrid"],
					"max_height": 200,
					"v_alignment": "top"
				}
			},

			{
				"type": "group",
				"header": "Pinned Locations",
				"margin": "0,6,3,0",
				"content": 
				{
					"type": "recentpins",
					"style": "wrap",
					"v_alignment": "stretch",
					"orientation": "horizontal"
				}
			},
			
		]
	}
}