{
	"tracker_default": 
	{
		"type": "dock",
		"background": "#101010",
		"content":
		[
			{
				"type": "item",
				"item": "mixedquest",
				"margin": "44,0,0,0",
				"width": 78,
				"height": 30,
				"dock": "top",
				"h_alignment": "left"
			},		
			{
				"type": "tabbed",
				"dock": "top",
				"tabs":
				[
					{
						"title": "1st Quest",
						"content":
						{
							"type": "map",
							"maps": ["first"]
						}
					},
			
					{
						"title": "1st Quest, Mirrored",
						"content":
						{
							"type": "map",
							"maps": ["firstmirror"]
						}
					},
			
					{
						"title": "2nd Quest",
						"content":
						{
							"type": "map",
							"maps": ["second"]
						}
					},
			
					{
						"title": "2nd Quest, Mirrored",
						"content":
						{
							"type": "map",
							"maps": ["secondmirror"]
						}
					},
					
					{
						"title": "Dungeons",
						"content":
						{
							"type": "dock",
							"h_alignment": "center",
							"content": 
							[
								{
									"type": "group",
									"header": "Dungeon Map",
									"margin": "0,0,0,0",
									"content": 
									{
										"type": "layout",
										"key": "shared_dungeonmap_grid",
										"dock": "left"
									}
								},
								
								{
									"type": "array",
									"width": 216,
									"margin": "3,0,0,0",
									"orientation": "vertical",
									"h_alignment": "left",
									"content":
									[
										{
											"type": "group",
											"header": "Level Select",
											"content": 
											{
												"type": "itemgrid",
												"item_margin": 0,
												"item_width": 48,
												"item_height": 33,
												"rows":
												[
													[ "selectorlevel1", "selectorlevel2", "selectorlevel3" ],
													[ "selectorlevel4", "selectorlevel5", "selectorlevel6" ], 
													[ "selectorlevel7", "selectorlevel8", "selectorlevel9" ]
												]
											}
										},
										
										{
											"type": "group",
											"header": "Dungeon Palette",
											"content":
											{
												"type": "layout",
												"key": "shared_dungeonpalette_grid"
											}
										}
									]
								}
							]
						}
					}
				]
			},
			
			{
				"type": "group",
				"header": "Items",
				"margin": "3,6,3,0",
				"h_alignment": "left",
				"content": 
				{
					"type": "layout",
					"dropshadow": true,
					"key": "shared_item_grid"
				}
			},
			
			{
				"type": "group",
				"header": "Pinned Locations",
				"margin": "0,6,3,0",
				"content": 
				{
					"type": "recentpins",
					"style": "wrap",
					"v_alignment": "stretch",
					"orientation": "horizontal"
				}
			}
		]
	}
}