{
	"shared_item_grid": 
	{
		"type": "array",
		"orientation": "vertical",
		"margin": "0,0",
		"content": 
		[
			{
				"type": "canvas",
				"width": 144,
				"height": 72,
				"content":
				[
					{
						"type": "item",
						"item": "triforce1",
						"canvas_left": 35,
					},
					
					{
						"type": "item",
						"item": "triforce2",
						"canvas_left": 71,
					},
					
					{
						"type": "item",
						"item": "triforce3",
						"canvas_top": 35,
					},
					
					{
						"type": "item",
						"item": "triforce4",
						"canvas_left": 106,
						"canvas_top": 35,
					},
					
					{
						"type": "item",
						"item": "triforce5",
						"canvas_left": 36,
						"canvas_top": 36,
					},
					
					{
						"type": "item",
						"item": "triforce6",
						"canvas_left": 35,
						"canvas_top": 36,
					},
					
					{
						"type": "item",
						"item": "triforce7",
						"canvas_left": 71,
						"canvas_top": 36,
					},
					
					{
						"type": "item",
						"item": "triforce8",
						"canvas_left": 71,
						"canvas_top": 36,
					}
				]
			},		
		
			{
				"type": "itemgrid",
				"item_margin": "2,2",
				"rows": 
				[
					[ "raft", "book", "ring", "ladder", "magickey", "powerbracelet" ],
					[ "boomerang", "bomb", "arrow", "bow", "candle" ],
					[ "recorder", "bait", "letter", "wand" ]
				]
			}
		]
	},
	"shared_capture_grid":
	{
		"type": "array",
		"orientation": "vertical",
		"margin": "0,0",
		"content": 
		[
			{
				"type": "canvas",
				"width": 144,
				"height": 72,
				"content":
				[
					{
						"type": "item",
						"item": "triforce1",
						"canvas_left": 35,
					},
					
					{
						"type": "item",
						"item": "triforce2",
						"canvas_left": 71,
					},
					
					{
						"type": "item",
						"item": "triforce3",
						"canvas_top": 35,
					},
					
					{
						"type": "item",
						"item": "triforce4",
						"canvas_left": 106,
						"canvas_top": 35,
					},
					
					{
						"type": "item",
						"item": "triforce5",
						"canvas_left": 36,
						"canvas_top": 36,
					},
					
					{
						"type": "item",
						"item": "triforce6",
						"canvas_left": 35,
						"canvas_top": 36,
					},
					
					{
						"type": "item",
						"item": "triforce7",
						"canvas_left": 71,
						"canvas_top": 36,
					},
					
					{
						"type": "item",
						"item": "triforce8",
						"canvas_left": 71,
						"canvas_top": 36,
					},
					
					{
						"type": "item",
						"item": "heartcontainer"
					},
					
					{
						"type": "item",
						"item": "magicshield",
						"canvas_left": 108
					}
				]
			},		
		
			{
				"type": "itemgrid",
				"item_margin": "2,2",
				"rows": 
				[
					[ "raft", "book", "captureredring", "ladder", "magickey", "powerbracelet" ],
					[ "captureboomerang", "capturemboomerang", "bomb", "capturesilvers", "bow", "captureredcandle" ],
					[ "capturewhitesword", "capturemagicsword", "recorder", "bait", "letter", "wand" ]
				]
			}
		]
	}
}