{
	"triforce_settings_popup":
	{
		"type": "group",
		"header": "Triforce Settings",
		"margin": "0,0,3,0",
		"content":
		{
			"type": "array",
			"orientation": "vertical",
			"dock": "top",
			"h_alignment": "center",
			"content":
			[
				{
					"type": "item",
					"item": "triforceconfig16",
					"margin": "0,3,0,0",
					"width": 78,
					"height": 30,
				},
				
				{
					"type": "item",
					"item": "triforceconfig78",
					"margin": "0,3,0,0",
					"width": 78,
					"height": 30,
				}
			]
		}
	},

	"shared_item_grid": 
	{
		"type": "array",
		"orientation": "vertical",
		"margin": "0,0",
		"content": 
		[
			{
				"type": "canvas",
				"width": 144,
				"height": 72,
				"content":
				[
					{
						"type": "item",
						"item": "triforce1",
						"canvas_left": 35,
					},
					
					{
						"type": "item",
						"item": "triforcenumber1",
						"canvas_left": 35,
						"hit_test_visible": false,
					},
					
					{
						"type": "item",
						"item": "triforce2",
						"canvas_left": 71,
					},
					
					{
						"type": "item",
						"item": "triforcenumber2",
						"canvas_left": 71,
						"hit_test_visible": false,
					},
					
					{
						"type": "item",
						"item": "triforce3",
						"canvas_top": 35,
					},
					
					{
						"type": "item",
						"item": "triforcenumber3",
						"canvas_top": 35,
						"hit_test_visible": false,
					},
					
					{
						"type": "item",
						"item": "triforce4",
						"canvas_left": 35,
						"canvas_top": 35,
					},
					
					{
						"type": "item",
						"item": "triforcenumber4",
						"canvas_left": 35,
						"canvas_top": 35,
						"hit_test_visible": false,
					},

					{
						"type": "item",
						"item": "triforce5",
						"canvas_left": 36,
						"canvas_top": 35,
					},
					
					{
						"type": "item",
						"item": "triforcenumber5",
						"canvas_left": 36,
						"canvas_top": 35,
						"hit_test_visible": false,
					},
					
					{
						"type": "item",
						"item": "triforce7",
						"canvas_left": 71,
						"canvas_top": 35,
					},
					
					{
						"type": "item",
						"item": "triforce6",
						"canvas_left": 71,
						"canvas_top": 35,
					},
					
					{
						"type": "item",
						"item": "triforcenumber6",
						"canvas_left": 71,
						"canvas_top": 35,
						"hit_test_visible": false,
					},
					
					{
						"type": "item",
						"item": "triforcenumber7",
						"canvas_left": 71,
						"canvas_top": 35,
						"hit_test_visible": false,
					},
					
					{
						"type": "item",
						"item": "triforce8",
						"canvas_left": 106,
						"canvas_top": 35,
					},
					
					{
						"type": "item",
						"item": "triforcenumber8",
						"canvas_left": 106,
						"canvas_top": 35,
						"hit_test_visible": false,
					},
				]
			},
			
			{
				"type": "itemgrid",
				"item_margin": "2,2",
				"rows": 
				[
					[ "raft", "book", "ring", "ladder", "magickey", "powerbracelet" ],
					[ "boomerang", "bomb", "arrow", "bow", "candle" ],
					[ "sword", "recorder", "bait", "letter", "wand" ]
				]
			}
		]
	},
	"shared_capture_grid":
	{
		"type": "array",
		"orientation": "vertical",
		"margin": "0,0",
		"content": 
		[
			{
				"type": "itemgrid",
				"item_margin": "2,2",
				"rows": 
				[
					[ "heartcontainer", "levelone", "leveltwo", "levelthree", "levelfour" ],
					[ "magicshield", "levelfive", "levelsix", "levelseven", "leveleight" ],
					[ "raft", "book", "captureredring", "ladder", "magickey", "powerbracelet" ],
					[ "captureboomerang", "capturemboomerang", "bomb", "capturesilvers", "bow", "captureredcandle" ],
					[ "capturewhitesword", "capturemagicsword", "recorder", "bait", "letter", "wand" ]
				]
			}
		]
	}
}