﻿{
	"tracker_broadcast": {
		"type": "array",
		"background": "#212121",
		"margin": "10",
		"content": [
			{
				"type": "array",
				"orientation": "horizontal",
				"content": [
					{
						"type": "itemgrid",
						"margin": "0,0,0,0",
						"h_alignment": "center",
						"item_margin": "1,1",
						"item_size": 36,
						"rows": [
							[ "rauru", "nabooru"],
							[ "ruto", "darunia"],
							[ "saria", "newkasuto"],
							[ "mido", "kasuto"],
						]
					},
					{
						"type": "itemgrid",
						"margin": "0,0,0,0",
						"h_alignment": "center",
						"item_margin": "1,1",
						"item_size": 36,
						"rows": [
							[ "candle","glove","raft","boots" ],
							[ "flute","cross","hammer","anykey" ],
							[ "trophy","medicine","kid"]
						]
					},
					{
						"type": "itemgrid",
						"margin": "0,0,0,0",
						"h_alignment": "center",
						"item_margin": "1,1",
						"item_size": 36,
						"rows": [
							[ "palace1", "palace4"],
							[ "palace2", "palace5"],
							[ "palace3", "palace6"],
							[ "palace7"]
						]
					}
				]
			}
		]
	}
}