{
	"shared_map_grid":
	{
		"type": "tabbed",
		"tabs":
		[
			{
				"title": "West",
				"content":
				{
					"type": "dock",
					"content":
					[
						{
							"type": "group",
							"dock": "left",
							"margin": "3,0,0,0",
							"header": "Map",
							"content": 
							{
								"type": "itemgrid",
								"item_margin": "1,1,0,0",
								"item_size": 16,
								"rows":
								[
									[ "compactmapwest1", "compactmapwest2", "compactmapwest3", "compactmapwest4", "compactmapwest5", "compactmapwest6", "compactmapwest7", "compactmapwest8", "compactmapwest9", "compactmapwest10", "compactmapwest11", "compactmapwest12", "compactmapwest13", "compactmapwest14", "compactmapwest15", "compactmapwest16" ],
									[ "compactmapwest17", "compactmapwest18", "compactmapwest19", "compactmapwest20", "compactmapwest21", "compactmapwest22", "compactmapwest23", "compactmapwest24", "compactmapwest25", "compactmapwest26", "compactmapwest27", "compactmapwest28", "compactmapwest29", "compactmapwest30", "compactmapwest31", "compactmapwest32" ],
									[ "compactmapwest33", "compactmapwest34", "compactmapwest35", "compactmapwest36", "compactmapwest37", "compactmapwest38", "compactmapwest39", "compactmapwest40", "compactmapwest41", "compactmapwest42", "compactmapwest43", "compactmapwest44", "compactmapwest45", "compactmapwest46", "compactmapwest47", "compactmapwest48" ],
									[ "compactmapwest49", "compactmapwest50", "compactmapwest51", "compactmapwest52", "compactmapwest53", "compactmapwest54", "compactmapwest55", "compactmapwest56", "compactmapwest57", "compactmapwest58", "compactmapwest59", "compactmapwest60", "compactmapwest61", "compactmapwest62", "compactmapwest63", "compactmapwest64" ],
									[ "compactmapwest65", "compactmapwest66", "compactmapwest67", "compactmapwest68", "compactmapwest69", "compactmapwest70", "compactmapwest71", "compactmapwest72", "compactmapwest73", "compactmapwest74", "compactmapwest75", "compactmapwest76", "compactmapwest77", "compactmapwest78", "compactmapwest79", "compactmapwest80" ],
									[ "compactmapwest81", "compactmapwest82", "compactmapwest83", "compactmapwest84", "compactmapwest85", "compactmapwest86", "compactmapwest87", "compactmapwest88", "compactmapwest89", "compactmapwest90", "compactmapwest91", "compactmapwest92", "compactmapwest93", "compactmapwest94", "compactmapwest95", "compactmapwest96" ],
									[ "compactmapwest97", "compactmapwest98", "compactmapwest99", "compactmapwest100", "compactmapwest101", "compactmapwest102", "compactmapwest103", "compactmapwest104", "compactmapwest105", "compactmapwest106", "compactmapwest107", "compactmapwest108", "compactmapwest109", "compactmapwest110", "compactmapwest111", "compactmapwest112" ],
									[ "compactmapwest113", "compactmapwest114", "compactmapwest115", "compactmapwest116", "compactmapwest117", "compactmapwest118", "compactmapwest119", "compactmapwest120", "compactmapwest121", "compactmapwest122", "compactmapwest123", "compactmapwest124", "compactmapwest125", "compactmapwest126", "compactmapwest127", "compactmapwest128" ],
									[ "compactmapwest129", "compactmapwest130", "compactmapwest131", "compactmapwest132", "compactmapwest133", "compactmapwest134", "compactmapwest135", "compactmapwest136", "compactmapwest137", "compactmapwest138", "compactmapwest139", "compactmapwest140", "compactmapwest141", "compactmapwest142", "compactmapwest143", "compactmapwest144" ],
									[ "compactmapwest145", "compactmapwest146", "compactmapwest147", "compactmapwest148", "compactmapwest149", "compactmapwest150", "compactmapwest151", "compactmapwest152", "compactmapwest153", "compactmapwest154", "compactmapwest155", "compactmapwest156", "compactmapwest157", "compactmapwest158", "compactmapwest159", "compactmapwest160" ],
									[ "compactmapwest161", "compactmapwest162", "compactmapwest163", "compactmapwest164", "compactmapwest165", "compactmapwest166", "compactmapwest167", "compactmapwest168", "compactmapwest169", "compactmapwest170", "compactmapwest171", "compactmapwest172", "compactmapwest173", "compactmapwest174", "compactmapwest175", "compactmapwest176" ],
									[ "compactmapwest177", "compactmapwest178", "compactmapwest179", "compactmapwest180", "compactmapwest181", "compactmapwest182", "compactmapwest183", "compactmapwest184", "compactmapwest185", "compactmapwest186", "compactmapwest187", "compactmapwest188", "compactmapwest189", "compactmapwest190", "compactmapwest191", "compactmapwest192" ],
									[ "compactmapwest193", "compactmapwest194", "compactmapwest195", "compactmapwest196", "compactmapwest197", "compactmapwest198", "compactmapwest199", "compactmapwest200", "compactmapwest201", "compactmapwest202", "compactmapwest203", "compactmapwest204", "compactmapwest205", "compactmapwest206", "compactmapwest207", "compactmapwest208" ],
									[ "compactmapwest209", "compactmapwest210", "compactmapwest211", "compactmapwest212", "compactmapwest213", "compactmapwest214", "compactmapwest215", "compactmapwest216", "compactmapwest217", "compactmapwest218", "compactmapwest219", "compactmapwest220", "compactmapwest221", "compactmapwest222", "compactmapwest223", "compactmapwest224" ],
									[ "compactmapwest225", "compactmapwest226", "compactmapwest227", "compactmapwest228", "compactmapwest229", "compactmapwest230", "compactmapwest231", "compactmapwest232", "compactmapwest233", "compactmapwest234", "compactmapwest235", "compactmapwest236", "compactmapwest237", "compactmapwest238", "compactmapwest239", "compactmapwest240" ],
									[ "compactmapwest241", "compactmapwest242", "compactmapwest243", "compactmapwest244", "compactmapwest245", "compactmapwest246", "compactmapwest247", "compactmapwest248", "compactmapwest249", "compactmapwest250", "compactmapwest251", "compactmapwest252", "compactmapwest253", "compactmapwest254", "compactmapwest255", "compactmapwest256" ]
								]
							}
						},
						{
							"type": "group",
							"margin": "3,0",
							"header": "Palette",
							"content": 
							{
								"type": "array",
								"orientation": "vertical",
								"h_alignment": "left",
								"content":
								[
									{
										"type": "itemgrid",
										"item_margin": "1,1,0,0",
										"item_size": 16,
										"rows":
										[
											[ "palettepalace1", "palettepalace2", "palettepalace3", "palettepalace4" ],
											[ "palettepalace5", "palettepalace6", "palettepalace7", "palettepalace" ]
										]
									},
									{
										"type": "itemgrid",
										"margin": "0,1,0,1",
										"item_margin": "1,1,0,0",
										"item_size": 16,
										"rows":
										[
											[ "palettetown1", "palettetown2", "palettetown3", "palettetown4" ]
										]
									},
									{
										"type": "itemgrid",
										"item_margin": "1,1,0,0",
										"item_size": 16,
										"rows":
										[
											[ "palettebridge", "paletteconnectora", "paletteconnectorb", "paletteconnectorc", "paletteconnectord"],
											[ "palettedm", "palettemi", "palettew", "palettee"],
											[ "paletteboulder", "palettegrass", "palettedesert", "paletteforest" ],
											[ "palettewater", "paletteswamp", "palettegrave", "palettelava" ]
										]
									},
								]
							}
						}
					]
				}
			},
			{
				"title": "East",
				"content":
				{
					"type": "dock",
					"content":
					[
						{
							"type": "group",
							"dock": "left",
							"margin": "3,0,0,0",
							"header": "Map",
							"content": 
							{
								"type": "itemgrid",
								"item_margin": "1,1,0,0",
								"item_size": 16,
								"rows":
								[
									[ "compactmapeast1", "compactmapeast2", "compactmapeast3", "compactmapeast4", "compactmapeast5", "compactmapeast6", "compactmapeast7", "compactmapeast8", "compactmapeast9", "compactmapeast10", "compactmapeast11", "compactmapeast12", "compactmapeast13", "compactmapeast14", "compactmapeast15", "compactmapeast16" ],
									[ "compactmapeast17", "compactmapeast18", "compactmapeast19", "compactmapeast20", "compactmapeast21", "compactmapeast22", "compactmapeast23", "compactmapeast24", "compactmapeast25", "compactmapeast26", "compactmapeast27", "compactmapeast28", "compactmapeast29", "compactmapeast30", "compactmapeast31", "compactmapeast32" ],
									[ "compactmapeast33", "compactmapeast34", "compactmapeast35", "compactmapeast36", "compactmapeast37", "compactmapeast38", "compactmapeast39", "compactmapeast40", "compactmapeast41", "compactmapeast42", "compactmapeast43", "compactmapeast44", "compactmapeast45", "compactmapeast46", "compactmapeast47", "compactmapeast48" ],
									[ "compactmapeast49", "compactmapeast50", "compactmapeast51", "compactmapeast52", "compactmapeast53", "compactmapeast54", "compactmapeast55", "compactmapeast56", "compactmapeast57", "compactmapeast58", "compactmapeast59", "compactmapeast60", "compactmapeast61", "compactmapeast62", "compactmapeast63", "compactmapeast64" ],
									[ "compactmapeast65", "compactmapeast66", "compactmapeast67", "compactmapeast68", "compactmapeast69", "compactmapeast70", "compactmapeast71", "compactmapeast72", "compactmapeast73", "compactmapeast74", "compactmapeast75", "compactmapeast76", "compactmapeast77", "compactmapeast78", "compactmapeast79", "compactmapeast80" ],
									[ "compactmapeast81", "compactmapeast82", "compactmapeast83", "compactmapeast84", "compactmapeast85", "compactmapeast86", "compactmapeast87", "compactmapeast88", "compactmapeast89", "compactmapeast90", "compactmapeast91", "compactmapeast92", "compactmapeast93", "compactmapeast94", "compactmapeast95", "compactmapeast96" ],
									[ "compactmapeast97", "compactmapeast98", "compactmapeast99", "compactmapeast100", "compactmapeast101", "compactmapeast102", "compactmapeast103", "compactmapeast104", "compactmapeast105", "compactmapeast106", "compactmapeast107", "compactmapeast108", "compactmapeast109", "compactmapeast110", "compactmapeast111", "compactmapeast112" ],
									[ "compactmapeast113", "compactmapeast114", "compactmapeast115", "compactmapeast116", "compactmapeast117", "compactmapeast118", "compactmapeast119", "compactmapeast120", "compactmapeast121", "compactmapeast122", "compactmapeast123", "compactmapeast124", "compactmapeast125", "compactmapeast126", "compactmapeast127", "compactmapeast128" ],
									[ "compactmapeast129", "compactmapeast130", "compactmapeast131", "compactmapeast132", "compactmapeast133", "compactmapeast134", "compactmapeast135", "compactmapeast136", "compactmapeast137", "compactmapeast138", "compactmapeast139", "compactmapeast140", "compactmapeast141", "compactmapeast142", "compactmapeast143", "compactmapeast144" ],
									[ "compactmapeast145", "compactmapeast146", "compactmapeast147", "compactmapeast148", "compactmapeast149", "compactmapeast150", "compactmapeast151", "compactmapeast152", "compactmapeast153", "compactmapeast154", "compactmapeast155", "compactmapeast156", "compactmapeast157", "compactmapeast158", "compactmapeast159", "compactmapeast160" ],
									[ "compactmapeast161", "compactmapeast162", "compactmapeast163", "compactmapeast164", "compactmapeast165", "compactmapeast166", "compactmapeast167", "compactmapeast168", "compactmapeast169", "compactmapeast170", "compactmapeast171", "compactmapeast172", "compactmapeast173", "compactmapeast174", "compactmapeast175", "compactmapeast176" ],
									[ "compactmapeast177", "compactmapeast178", "compactmapeast179", "compactmapeast180", "compactmapeast181", "compactmapeast182", "compactmapeast183", "compactmapeast184", "compactmapeast185", "compactmapeast186", "compactmapeast187", "compactmapeast188", "compactmapeast189", "compactmapeast190", "compactmapeast191", "compactmapeast192" ],
									[ "compactmapeast193", "compactmapeast194", "compactmapeast195", "compactmapeast196", "compactmapeast197", "compactmapeast198", "compactmapeast199", "compactmapeast200", "compactmapeast201", "compactmapeast202", "compactmapeast203", "compactmapeast204", "compactmapeast205", "compactmapeast206", "compactmapeast207", "compactmapeast208" ],
									[ "compactmapeast209", "compactmapeast210", "compactmapeast211", "compactmapeast212", "compactmapeast213", "compactmapeast214", "compactmapeast215", "compactmapeast216", "compactmapeast217", "compactmapeast218", "compactmapeast219", "compactmapeast220", "compactmapeast221", "compactmapeast222", "compactmapeast223", "compactmapeast224" ],
									[ "compactmapeast225", "compactmapeast226", "compactmapeast227", "compactmapeast228", "compactmapeast229", "compactmapeast230", "compactmapeast231", "compactmapeast232", "compactmapeast233", "compactmapeast234", "compactmapeast235", "compactmapeast236", "compactmapeast237", "compactmapeast238", "compactmapeast239", "compactmapeast240" ],
									[ "compactmapeast241", "compactmapeast242", "compactmapeast243", "compactmapeast244", "compactmapeast245", "compactmapeast246", "compactmapeast247", "compactmapeast248", "compactmapeast249", "compactmapeast250", "compactmapeast251", "compactmapeast252", "compactmapeast253", "compactmapeast254", "compactmapeast255", "compactmapeast256" ]
								]
							}
						},
						{
							"type": "group",
							"margin": "3,0",
							"header": "Palette",
							"content": 
							{
								"type": "array",
								"orientation": "vertical",
								"h_alignment": "left",
								"content":
								[
									{
										"type": "itemgrid",
										"item_margin": "1,1,0,0",
										"item_size": 16,
										"rows":
										[
											[ "palettepalace1", "palettepalace2", "palettepalace3", "palettepalace4" ],
											[ "palettepalace5", "palettepalace6", "palettepalace7", "palettepalace" ]
										]
									},
									{
										"type": "itemgrid",
										"margin": "0,1,0,1",
										"item_margin": "1,1,0,0",
										"item_size": 16,
										"rows":
										[
											[ "palettetown5", "palettetown6", "palettetown7", "palettetown8" ]
										]
									},
									{
										"type": "itemgrid",
										"item_margin": "1,1,0,0",
										"item_size": 16,
										"rows":
										[
											[ "palettebridge", "paletteconnectora", "paletteconnectorb", "paletteconnectorc", "paletteconnectord" ],
											[ "palettedm", "palettemi", "palettew", "palettee"],
											[ "paletteriverdevil", "palettegrass", "palettedesert", "paletteforest" ],
											[ "palettewater", "paletteswamp", "palettegrave", "palettelava" ]
										]
									},
								]
							}
						}
					]
				}				
			},
			{
				"title": "Death Mountain",
				"content":
				{
					"type": "dock",
					"content":
					[
						{
							"type": "group",
							"dock": "left",
							"margin": "3,0,0,0",
							"header": "Map",
							"content": 
							{
								"type": "itemgrid",
								"item_margin": "1,1,0,0",
								"item_size": 16,
								"rows":
								[
									[ "compactmapdm1", "compactmapdm2", "compactmapdm3", "compactmapdm4", "compactmapdm5", "compactmapdm6", "compactmapdm7", "compactmapdm8", "compactmapdm9", "compactmapdm10", "compactmapdm11", "compactmapdm12", "compactmapdm13", "compactmapdm14", "compactmapdm15", "compactmapdm16" ],
									[ "compactmapdm17", "compactmapdm18", "compactmapdm19", "compactmapdm20", "compactmapdm21", "compactmapdm22", "compactmapdm23", "compactmapdm24", "compactmapdm25", "compactmapdm26", "compactmapdm27", "compactmapdm28", "compactmapdm29", "compactmapdm30", "compactmapdm31", "compactmapdm32" ],
									[ "compactmapdm33", "compactmapdm34", "compactmapdm35", "compactmapdm36", "compactmapdm37", "compactmapdm38", "compactmapdm39", "compactmapdm40", "compactmapdm41", "compactmapdm42", "compactmapdm43", "compactmapdm44", "compactmapdm45", "compactmapdm46", "compactmapdm47", "compactmapdm48" ],
									[ "compactmapdm49", "compactmapdm50", "compactmapdm51", "compactmapdm52", "compactmapdm53", "compactmapdm54", "compactmapdm55", "compactmapdm56", "compactmapdm57", "compactmapdm58", "compactmapdm59", "compactmapdm60", "compactmapdm61", "compactmapdm62", "compactmapdm63", "compactmapdm64" ],
									[ "compactmapdm65", "compactmapdm66", "compactmapdm67", "compactmapdm68", "compactmapdm69", "compactmapdm70", "compactmapdm71", "compactmapdm72", "compactmapdm73", "compactmapdm74", "compactmapdm75", "compactmapdm76", "compactmapdm77", "compactmapdm78", "compactmapdm79", "compactmapdm80" ],
									[ "compactmapdm81", "compactmapdm82", "compactmapdm83", "compactmapdm84", "compactmapdm85", "compactmapdm86", "compactmapdm87", "compactmapdm88", "compactmapdm89", "compactmapdm90", "compactmapdm91", "compactmapdm92", "compactmapdm93", "compactmapdm94", "compactmapdm95", "compactmapdm96" ],
									[ "compactmapdm97", "compactmapdm98", "compactmapdm99", "compactmapdm100", "compactmapdm101", "compactmapdm102", "compactmapdm103", "compactmapdm104", "compactmapdm105", "compactmapdm106", "compactmapdm107", "compactmapdm108", "compactmapdm109", "compactmapdm110", "compactmapdm111", "compactmapdm112" ],
									[ "compactmapdm113", "compactmapdm114", "compactmapdm115", "compactmapdm116", "compactmapdm117", "compactmapdm118", "compactmapdm119", "compactmapdm120", "compactmapdm121", "compactmapdm122", "compactmapdm123", "compactmapdm124", "compactmapdm125", "compactmapdm126", "compactmapdm127", "compactmapdm128" ],
									[ "compactmapdm129", "compactmapdm130", "compactmapdm131", "compactmapdm132", "compactmapdm133", "compactmapdm134", "compactmapdm135", "compactmapdm136", "compactmapdm137", "compactmapdm138", "compactmapdm139", "compactmapdm140", "compactmapdm141", "compactmapdm142", "compactmapdm143", "compactmapdm144" ],
									[ "compactmapdm145", "compactmapdm146", "compactmapdm147", "compactmapdm148", "compactmapdm149", "compactmapdm150", "compactmapdm151", "compactmapdm152", "compactmapdm153", "compactmapdm154", "compactmapdm155", "compactmapdm156", "compactmapdm157", "compactmapdm158", "compactmapdm159", "compactmapdm160" ],
									[ "compactmapdm161", "compactmapdm162", "compactmapdm163", "compactmapdm164", "compactmapdm165", "compactmapdm166", "compactmapdm167", "compactmapdm168", "compactmapdm169", "compactmapdm170", "compactmapdm171", "compactmapdm172", "compactmapdm173", "compactmapdm174", "compactmapdm175", "compactmapdm176" ],
									[ "compactmapdm177", "compactmapdm178", "compactmapdm179", "compactmapdm180", "compactmapdm181", "compactmapdm182", "compactmapdm183", "compactmapdm184", "compactmapdm185", "compactmapdm186", "compactmapdm187", "compactmapdm188", "compactmapdm189", "compactmapdm190", "compactmapdm191", "compactmapdm192" ],
									[ "compactmapdm193", "compactmapdm194", "compactmapdm195", "compactmapdm196", "compactmapdm197", "compactmapdm198", "compactmapdm199", "compactmapdm200", "compactmapdm201", "compactmapdm202", "compactmapdm203", "compactmapdm204", "compactmapdm205", "compactmapdm206", "compactmapdm207", "compactmapdm208" ],
									[ "compactmapdm209", "compactmapdm210", "compactmapdm211", "compactmapdm212", "compactmapdm213", "compactmapdm214", "compactmapdm215", "compactmapdm216", "compactmapdm217", "compactmapdm218", "compactmapdm219", "compactmapdm220", "compactmapdm221", "compactmapdm222", "compactmapdm223", "compactmapdm224" ],
									[ "compactmapdm225", "compactmapdm226", "compactmapdm227", "compactmapdm228", "compactmapdm229", "compactmapdm230", "compactmapdm231", "compactmapdm232", "compactmapdm233", "compactmapdm234", "compactmapdm235", "compactmapdm236", "compactmapdm237", "compactmapdm238", "compactmapdm239", "compactmapdm240" ],
									[ "compactmapdm241", "compactmapdm242", "compactmapdm243", "compactmapdm244", "compactmapdm245", "compactmapdm246", "compactmapdm247", "compactmapdm248", "compactmapdm249", "compactmapdm250", "compactmapdm251", "compactmapdm252", "compactmapdm253", "compactmapdm254", "compactmapdm255", "compactmapdm256" ]
								]
							}
						},
						{
							"type": "group",
							"margin": "3,0",
							"header": "Palette",
							"content": 
							{
								"type": "array",
								"orientation": "vertical",
								"h_alignment": "left",
								"content":
								[
									{
										"type": "itemgrid",
										"item_margin": "1,1,0,0",
										"item_size": 16,
										"rows":
										[
											[ "palettebridge", "paletteconnectora", "paletteconnectorb", "paletteconnectorc", "paletteconnectord" ],
											[ "palettedm", "palettemi", "palettew", "palettee"],
											[ "paletteboulder", "palettegrass", "palettedesert", "paletteforest" ],
											[ "palettewater", "paletteswamp", "palettegrave", "palettelava" ]
										]
									},
								]
							}
						}
					]
				}
			}
		]
	}
}