{
	"shared_item_grid": 
	{
		"type": "dock",
		"background": "#101010",
		"content": 
		[
			{
				"type": "dock",
				"background": "#101010",
				"content":
				[
					{
						"type": "group",
						"header": "Spells and Connectors",
						"margin": "3,0,0,0",
						"dock": "left",
						"content": 
						{
							"type": "itemgrid",
							"v_alignment": "center",
							"item_margin": "1,1",
							"item_size": 36,
							"rows": 
							[
								[ "staticw", "rauru", "nabooru", "statice" ],
								[ "ruto", "darunia" ],
								[ "saria", "newkasuto" ],
								[ "mido", "kasuto" ],
								[ "owcave1", "owcave3", "owraft1", "owbridge1" ],
								[ "staticcave", "staticcave", "staticraft", "staticbridge" ],
								[ "owcave2", "owcave4", "owraft2", "owbridge2" ]
							]
						}
					}
				]
			},
			{
				"type": "group",
				"margin": "3,0",	
				"header": "Items and Locations",
				"dock": "left",
				"content":
				{
					"type": "itemgrid",
					"item_margin": "1,1",
					"v_alignment": "center",
					"item_size": 36,
					"rows": 
					[
						[ "candle", "glove", "raft", "boots", "heartcontainer" ],
						[ "flute", "cross", "hammer", "magickey", "magiccontainer" ],
						[ "downstab", "trophy", "medicine", "kid", "upstab"],
						[ "staticw", "trophycave", "wateroflifecave", "heartcontainercave", "magiccontainercave", ""],
						[ "", "westpbagcave", "heartcontainergrass", "hammercave", "magiccontainerboulder", ""],
						[ "statice", "heartcontainerdesert", "heartcontainersea", "eastpbagcave", "eastpbagcave2", "foresttile"],
						[ "", "magiccontainernewkasuto", "magickeynewkasuto", "magiccontainermaze", "kidmaze", "threeeyerock"]
					]
				}
			},
			{
				"type": "group",
				"header": "Palaces",
				"margin": "0,0,3,0",
				"content": 
				{
					"type": "itemgrid",
					"h_alignment": "center",
					"v_alignment": "center",
					"item_margin": "1,1",
					"item_size": 36,
					"rows": 
					[
						[ "palace1", "palace1item"],
						[ "palace2", "palace2item"],
						[ "palace3", "palace3item"],
						[ "palace4", "palace4item"],
						[ "palace5", "palace5item"],
						[ "palace6", "palace6item"],
						[ "greatpalace"]
					]
				}
			}
		]
	}
}
