{
	"shared_item_grid": 
	{
		"type": "dock",
		"background": "#101010",
		"content": 
		[
			{
				"type": "group",
				"header": "Spells",
				"margin": "3,0,0,0",
				"dock": "left",
				"content": 
				{
					"type": "itemgrid",
					"v_alignment": "center",
					"item_margin": "1,1",
					"item_size": 36,
					"rows": 
					[
						[ "staticw", "statice" ],
						[ "rauru", "nabooru" ],
						[ "ruto", "darunia" ],
						[ "saria", "newkasuto" ],
						[ "mido", "kasuto" ],
					]
				}
			},
			{
				"type": "group",
				"margin": "3,0",	
				"header": "Items and Locations",
				"dock": "left",
				"content":
				{
					"type": "itemgrid",
					"item_margin": "1,1",
					"item_size": 36,
					"rows": 
					[
						[ "candle", "glove", "raft", "boots" ],
						[ "flute", "cross", "hammer", "magickey" ],
						[ "downstab", "trophy", "medicine", "kid", "upstab"],
						[ "staticw", "trophycave", "wateroflifecave", "heartcontainercave", "magiccontainercave", ""],
						[ "", "westpbagcave", "heartcontainergrass", "hammercave", "magiccontainerboulder", ""],
						[ "statice", "heartcontainerdesert", "heartcontainersea", "eastpbagcave", "eastpbagcave2", "foresttile"],
						[ "", "magiccontainernewkasuto", "magickeynewkasuto", "magiccontainermaze", "kidmaze", "threeeyerock"]
					]
				}
			},
			{
				"type": "group",
				"header": "Palaces",
				"margin": "0,0,3,0",
				"content": 
				{
					"type": "itemgrid",
					"h_alignment": "center",
					"item_margin": "1,1",
					"item_size": 36,
					"rows": 
					[
						[ "palace1", "palace1item"],
						[ "palace2", "palace2item"],
						[ "palace3", "palace3item"],
						[ "palace4", "palace4item"],
						[ "palace5", "palace5item"],
						[ "palace6", "palace6item"],
						[ "greatpalace"]
					]
				}
			},
			{
				"type": "group",
				"header": "Connectors",
				"dock": "left",
				"margin": "0,0,0,0",
				"content": 
				{
					"type": "itemgrid",
					"v_alignment": "center",
					"item_margin": "1,1",
					"item_size": 36,
					"rows":
					[
						[ "owcave1", "staticcave", "owcave2" ],
						[ "owcave3", "staticcave", "owcave4" ],
						[ "owraft1", "staticraft", "owraft2" ],
						[ "owbridge1", "staticbridge", "owbridge2" ]
					]
				}
			}
		]
	}
}
