{
	"shared_item_grid": 
	{
		"type": "dock",
		"background": "#101010",
		"content": 
		[
			{
				"type": "dock",
				"background": "#101010",
				"content":
				[
					{
						"type": "group",
						"header": "Spells and Connectors",
						"margin": "3,0,0,0",
						"dock": "top",
						"content": 
						{
							"type": "itemgrid",
							"v_alignment": "center",
							"item_margin": "1,1",
							"item_size": 36,
							"rows": 
							[
								[ "rauruoldman", "shield", "fire", "nabooruoldman" ],
								[ "rutooldman", "jump", "reflect", "daruniaoldman" ],
								[ "sariaoldman", "life", "spell", "newkasutooldman" ],
								[ "midooldman", "fairy", "thunder", "kasutooldman" ],
								[ "owcave1", "owcave3", "owraft1", "owbridge1" ],
								[ "staticcave", "staticcave", "staticraft", "staticbridge" ],
								[ "owcave2", "owcave4", "owraft2", "owbridge2" ]
							]
						}
					}
				]
			},
			{
				"type": "group",
				"margin": "3,0",	
				"header": "Items and Locations",
				"dock": "left",
				"content":
				{
					"type": "itemgrid",
					"item_margin": "1,1",
					"v_alignment": "center",
					"item_size": 36,
					"rows": 
					[
						[ "candle", "glove", "raft", "boots", "heartcontainer", "upstab" ],
						[ "flute", "cross", "hammer", "magickey", "magiccontainer", "downstab" ],
						[ "trophy", "mirror", "rivermannote", "medicine", "water", "kid"],
						[ "staticw", "trophycave", "wateroflifecave", "heartcontainercave", "magiccontainercave", "sariatable", "bagu"],
						[ "", "westpbagcave", "heartcontainergrass", "hammercave", "magiccontainerboulder", "downstabman", ""],
						[ "statice", "heartcontainerdesert", "heartcontainersea", "eastpbagcave", "eastpbagcave2", "naboorufountain", "foresttile"],
						[ "", "magiccontainernewkasuto", "magickeynewkasuto", "magiccontainermaze", "kidmaze", "upstabman", "threeeyerock"]
					]
				}
			},
			{
				"type": "group",
				"header": "Palaces",
				"margin": "0,0,3,0",
				"content": 
				{
					"type": "itemgrid",
					"h_alignment": "center",
					"v_alignment": "center",
					"item_margin": "1,1",
					"item_size": 36,
					"rows": 
					[
						[ "palace1", "palace1item", "palace1itemincrementer"],
						[ "palace2", "palace2item", "palace2itemincrementer"],
						[ "palace3", "palace3item", "palace3itemincrementer"],
						[ "palace4", "palace4item", "palace4itemincrementer"],
						[ "palace5", "palace5item", "palace5itemincrementer"],
						[ "palace6", "palace6item", "palace6itemincrementer"],
						[ "greatpalace", ""]
					]
				}
			}
		]
	}
}
