{
	"shared_item_grid": {
		"type": "array",
		"orientation": "vertical",
		"content": [
			{
				"type": "array",
				"orientation": "horizontal",
				"content": [
					{
						"type": "itemgrid",
						"margin": "0,0,0,0",
						"h_alignment": "center",
						"item_margin": "1,1",
						"item_size": 36,
						"rows": [
							[ ""],
							[ "staticw", "statice" ],
							[ "rauru", "nabooru" ],
							[ "ruto", "darunia" ],
							[ "saria", "newkasuto" ],
							[ "mido", "kasuto" ],
						]
					},
					{
						"type": "itemgrid",
						"margin": "16,0,0,0",
						"h_alignment": "bottom",
						"item_margin": "1,1",
						"item_size": 36,
						"rows": [
							[ "candle", "glove", "raft", "boots" ],
							[ "flute", "cross", "hammer", "magickey" ],
							[ "downstab", "trophy", "medicine", "kid", "upstab"],
							[ "staticw", "trophycave", "wateroflifecave", "heartcontainercave", "magiccontainercave"],
							[ "", "westpbagcave", "heartcontainergrass", "hammercave", "magiccontainerboulder"],
							[ "statice", "heartcontainerdesert", "heartcontainersea", "eastpbagcave", "eastpbagcave2"],
							[ "", "magiccontainernewkasuto", "magickeynewkasuto", "magiccontainermaze", "kidmaze"]
						]
					},
					{
						"type": "itemgrid",
						"margin": "16,0,0,0",
						"h_alignment": "center",
						"item_margin": "1,1",
						"item_size": 36,
						"rows": [
							[ "palace1", "palace1item"],
							[ "palace2", "palace2item"],
							[ "palace3", "palace3item"],
							[ "palace4", "palace4item"],
							[ "palace5", "palace5item"],
							[ "palace6", "palace6item"],
							[ "greatpalace"]
						]
					}
				]
			},
			{
				"type": "array",
				"orientation": "horizontal",
				"content": [
					{
						"type": "itemgrid",
						"margin": "0,16,0,0",
						"h_alignment": "center",
						"item_margin": "1,1,0,0",
						"item_size": 16,
						"rows": [
							[ "staticw", "", "", "", "", "", "", ""],
							[ "mappera1w", "mapperb1w", "mapperc1w", "mapperd1w", "mappere1w", "mapperf1w", "mapperg1w", "mapperh1w"],
							[ "mappera2w", "mapperb2w", "mapperc2w", "mapperd2w", "mappere2w", "mapperf2w", "mapperg2w", "mapperh2w"],
							[ "mappera3w", "mapperb3w", "mapperc3w", "mapperd3w", "mappere3w", "mapperf3w", "mapperg3w", "mapperh3w"],
							[ "mappera4w", "mapperb4w", "mapperc4w", "mapperd4w", "mappere4w", "mapperf4w", "mapperg4w", "mapperh4w"],
							[ "mappera5w", "mapperb5w", "mapperc5w", "mapperd5w", "mappere5w", "mapperf5w", "mapperg5w", "mapperh5w"],
							[ "mappera6w", "mapperb6w", "mapperc6w", "mapperd6w", "mappere6w", "mapperf6w", "mapperg6w", "mapperh6w"],
							[ "mappera7w", "mapperb7w", "mapperc7w", "mapperd7w", "mappere7w", "mapperf7w", "mapperg7w", "mapperh7w"],
							[ "mappera8w", "mapperb8w", "mapperc8w", "mapperd8w", "mappere8w", "mapperf8w", "mapperg8w", "mapperh8w"]
						]
					},
					{
						"type": "itemgrid",
						"margin": "16,16,0,0",
						"h_alignment": "center",
						"item_margin": "1,1,0,0",
						"item_size": 16,
						"rows": [
							[ "statice", "", "", "", "", "", "", ""],
							[ "mappera1e", "mapperb1e", "mapperc1e", "mapperd1e", "mappere1e", "mapperf1e", "mapperg1e", "mapperh1e"],
							[ "mappera2e", "mapperb2e", "mapperc2e", "mapperd2e", "mappere2e", "mapperf2e", "mapperg2e", "mapperh2e"],
							[ "mappera3e", "mapperb3e", "mapperc3e", "mapperd3e", "mappere3e", "mapperf3e", "mapperg3e", "mapperh3e"],
							[ "mappera4e", "mapperb4e", "mapperc4e", "mapperd4e", "mappere4e", "mapperf4e", "mapperg4e", "mapperh4e"],
							[ "mappera5e", "mapperb5e", "mapperc5e", "mapperd5e", "mappere5e", "mapperf5e", "mapperg5e", "mapperh5e"],
							[ "mappera6e", "mapperb6e", "mapperc6e", "mapperd6e", "mappere6e", "mapperf6e", "mapperg6e", "mapperh6e"],
							[ "mappera7e", "mapperb7e", "mapperc7e", "mapperd7e", "mappere7e", "mapperf7e", "mapperg7e", "mapperh7e"],
							[ "mappera8e", "mapperb8e", "mapperc8e", "mapperd8e", "mappere8e", "mapperf8e", "mapperg8e", "mapperh8e"]
						]
					}
				]
			}
		]
	},
    "tracker_default": {
      "type": "container",
      "width": 425,
      //"height": 250,
      "background": "#212121",
      "content": {
        "type": "layout",
        "dropshadow": true,
        "margin": 10,
        "key": "shared_item_grid"
      }
    }
}
